Date,Open,High,Low,Close,Adj Close,Volume
24-06-2015,1290,1293.949951,1279.430054,1285.150024,1127.313232,1170246
25-06-2015,1281,1286.5,1272.069946,1275,1118.40979,1930992
26-06-2015,1275.099976,1298.180054,1275.099976,1296.400024,1137.181274,1290102
29-06-2015,1286,1302,1271.699951,1296.449951,1137.225342,1372756
30-06-2015,1292.5,1294.380005,1270,1275.469971,1118.822021,1549952
01-07-2015,1281.949951,1304,1278.380005,1296.550049,1137.313232,1279708
02-07-2015,1300,1301.469971,1285.530029,1288.880005,1130.585449,1445880
03-07-2015,1286.530029,1305,1285,1301.949951,1142.049561,963470
06-07-2015,1290.150024,1322.5,1290.150024,1316.650024,1154.944336,1182338
07-07-2015,1316.380005,1323.449951,1301.5,1308.119995,1147.462158,1642836
08-07-2015,1298.969971,1310.849976,1290.25,1297.550049,1138.190308,2667850
09-07-2015,1297.5,1299.119995,1253.319946,1261.25,1106.348511,3934122
10-07-2015,1279.5,1279.5,1227.5,1237.180054,1085.234863,8263654
13-07-2015,1237.699951,1259.300049,1237.699951,1254.780029,1100.67334,2280308
14-07-2015,1255.5,1257.5,1245,1249.75,1096.260864,1703274
15-07-2015,1250.5,1274.969971,1250,1272.880005,1116.550293,2003660
16-07-2015,1271.849976,1279.430054,1263.300049,1270.099976,1114.111694,1456608
17-07-2015,1273.400024,1285.050049,1271.650024,1282.199951,1124.725464,1070526
20-07-2015,1282,1291.949951,1275.949951,1289.569946,1136.063721,853786
21-07-2015,1288,1300.180054,1277.550049,1280.699951,1128.24939,1274500
22-07-2015,1280.5,1284.5,1260.530029,1264.030029,1113.563843,1320628
23-07-2015,1258.75,1268.930054,1241.5,1244.300049,1096.182373,1496780
24-07-2015,1248.75,1258.25,1246.050049,1252.569946,1103.467651,1574972
27-07-2015,1244,1252.5,1240.569946,1248.530029,1099.908813,2003738
28-07-2015,1249.75,1259.5,1246.069946,1251.030029,1102.111084,1891188
29-07-2015,1255.5,1257.530029,1241.75,1253.380005,1104.181396,2413318
30-07-2015,1258.030029,1258.400024,1236.400024,1240.319946,1092.67627,2770574
31-07-2015,1244.949951,1259.5,1243.5,1255.380005,1105.943359,1963776
03-08-2015,1251.699951,1262.5,1250.449951,1254.800049,1105.432373,1179324
04-08-2015,1255.199951,1261.5,1243,1254.449951,1105.124146,2342692
05-08-2015,1260,1275,1255.5,1273.569946,1121.968262,988994
06-08-2015,1282.5,1291.5,1275.050049,1286.650024,1133.491089,2211366
07-08-2015,1286.5,1286.5,1273.5,1276.030029,1124.135498,1188506
10-08-2015,1286,1294.5,1278.300049,1286.050049,1132.962646,1431182
11-08-2015,1289,1305,1271.050049,1302.099976,1147.101929,2200306
12-08-2015,1301.550049,1345.699951,1301,1335.849976,1176.834717,3479784
13-08-2015,1335,1342,1278,1317.800049,1160.93335,1406426
14-08-2015,1319,1359.680054,1318.550049,1351.599976,1190.709839,2293964
17-08-2015,1345.050049,1348.400024,1327.5,1342.380005,1182.58728,773644
18-08-2015,1353.449951,1374.949951,1345,1370.449951,1207.315552,1916926
19-08-2015,1375,1376.430054,1360.949951,1366.800049,1204.100464,1690070
20-08-2015,1372.5,1372.5,1336,1343.430054,1183.512207,2349298
21-08-2015,1356,1364.949951,1327.550049,1338.069946,1178.790283,3536080
24-08-2015,1319.5,1322.5,1284.550049,1289.319946,1135.84314,4692344
25-08-2015,1293.949951,1311,1267.75,1283.569946,1130.777466,3925800
26-08-2015,1279.030029,1319.5,1255.969971,1288.380005,1135.015381,3216158
27-08-2015,1307.449951,1307.449951,1272.900024,1287.319946,1134.081177,5264798
28-08-2015,1304.5,1304.5,1278.849976,1285.430054,1132.416382,2744152
31-08-2015,1295,1295,1265.530029,1282.030029,1129.421143,3692044
01-09-2015,1278,1305.599976,1265,1268.699951,1117.677734,2987602
02-09-2015,1279.849976,1310.219971,1274,1295.900024,1141.640015,3765950
03-09-2015,1298.050049,1307.5,1288.119995,1302.800049,1147.71875,2265074
04-09-2015,1305.699951,1307.449951,1269.569946,1273.719971,1122.10022,2426396
07-09-2015,1276.5,1279.969971,1266.349976,1269.880005,1118.717285,1759184
08-09-2015,1272.5,1282.050049,1261.75,1270.150024,1118.955078,1787746
09-09-2015,1281.469971,1287,1272,1274.880005,1123.122314,2045076
10-09-2015,1271,1289.25,1263.5,1272.699951,1121.202026,2665818
11-09-2015,1273.25,1284.199951,1270.300049,1276,1124.108887,1592672
14-09-2015,1282.5,1282.5,1271.5,1275.819946,1123.950439,1589318
15-09-2015,1275.819946,1279.449951,1268,1268.619995,1117.607422,1379900
16-09-2015,1277.5,1282.5,1270.530029,1275.180054,1123.386475,1756816
18-09-2015,1282.5,1293,1269.5,1275.619995,1123.77417,2455294
21-09-2015,1275,1278.550049,1266.599976,1275.530029,1123.69458,1108840
22-09-2015,1278.75,1286.199951,1245,1263.400024,1113.008667,2081246
23-09-2015,1267.150024,1278.880005,1256.300049,1266.319946,1115.581177,1228352
24-09-2015,1267.75,1295,1264.949951,1290.199951,1136.618408,2354254
28-09-2015,1297,1309.5,1289.75,1296.849976,1142.476929,2366812
29-09-2015,1291.680054,1317,1284.930054,1294.119995,1140.071655,3325952
30-09-2015,1321.849976,1321.849976,1285.469971,1294.030029,1139.992676,3368336
01-10-2015,1299.5,1324.969971,1296.099976,1322.300049,1164.897217,2834408
05-10-2015,1326.349976,1385,1326.349976,1355.819946,1194.427246,4807306
06-10-2015,1362.5,1363,1342,1350,1189.300049,3979590
07-10-2015,1346.969971,1358.5,1323.469971,1326.969971,1169.011597,2065530
08-10-2015,1335,1339.180054,1310,1316.900024,1160.140259,2357550
09-10-2015,1325.25,1325.300049,1304,1314.819946,1158.307861,2249724
12-10-2015,1327.5,1330.180054,1293.5,1296.300049,1141.99231,2455912
13-10-2015,1301.400024,1306,1283.800049,1299.280029,1144.617432,6179712
14-10-2015,1274,1274,1240,1241.849976,1094.023926,8337128
15-10-2015,1245,1251.75,1232.5,1233.880005,1087.002563,3215710
16-10-2015,1240.449951,1246,1235,1236,1088.870117,2333828
19-10-2015,1245,1247.469971,1227.930054,1244.380005,1096.252808,3130642
20-10-2015,1248.119995,1265,1247.800049,1263.380005,1112.991089,2695084
21-10-2015,1267.5,1271,1261.119995,1265,1119.291138,1929688
23-10-2015,1274,1274,1263.650024,1268.569946,1127.351074,2335398
26-10-2015,1274.5,1274.5,1257.550049,1268.280029,1127.093506,1414630
27-10-2015,1265.030029,1272.449951,1260.180054,1265.550049,1124.667358,1530420
28-10-2015,1255.030029,1266.780029,1255.030029,1264.550049,1123.779053,1255342
29-10-2015,1266.780029,1267.699951,1245.030029,1247.680054,1108.786865,3130316
30-10-2015,1250,1255.949951,1242.5,1247.599976,1108.71582,1516696
02-11-2015,1250,1261.400024,1243.780029,1258.680054,1118.562256,1319294
03-11-2015,1264,1273.900024,1259.25,1271.719971,1130.150513,1364906
04-11-2015,1272.5,1273.599976,1260,1266.900024,1125.867188,991434
05-11-2015,1265.400024,1267.469971,1240,1241.319946,1103.134766,1596098
06-11-2015,1246,1259.119995,1241.719971,1252.880005,1113.407715,908024
09-11-2015,1247.5,1251.380005,1234.300049,1235.680054,1098.122681,2021556
10-11-2015,1236.469971,1238.5,1225,1229.069946,1092.248535,1361920
13-11-2015,1219.030029,1219.030029,1193.280029,1198.699951,1065.259033,2743232
16-11-2015,1195,1195,1178,1187.300049,1055.12854,2043528
17-11-2015,1190.25,1199.219971,1187.5,1195.280029,1062.219971,1985028
18-11-2015,1194.449951,1194.449951,1173,1175.719971,1044.83728,1520352
19-11-2015,1182.680054,1190.800049,1176,1181.280029,1049.778564,1866906
20-11-2015,1183.25,1211.780029,1180.969971,1199.180054,1065.685913,2012126
23-11-2015,1202.650024,1206.699951,1191.119995,1195.530029,1062.442505,1088082
24-11-2015,1190.030029,1196.219971,1182.75,1183.969971,1052.169067,998640
26-11-2015,1188.949951,1191.199951,1168.930054,1172.780029,1042.224731,2915292
27-11-2015,1174,1179.719971,1166.25,1176.680054,1045.690552,1737206
30-11-2015,1182.5,1195.619995,1175.069946,1186.780029,1054.666138,4100048
01-12-2015,1181.449951,1189.030029,1178.530029,1180.949951,1049.484985,1721994
02-12-2015,1189,1189.050049,1173.25,1182.599976,1050.951538,1640296
03-12-2015,1180,1186.5,1173.5,1175.380005,1044.535156,2283358
04-12-2015,1170,1173.650024,1160.550049,1164.199951,1034.600098,1246092
07-12-2015,1166.099976,1171.949951,1157.619995,1159.900024,1030.778564,1382604
08-12-2015,1159.699951,1174.5,1158.650024,1164.5,1034.866455,1139964
09-12-2015,1168.949951,1186.400024,1160,1183.819946,1052.035645,5282806
10-12-2015,1184.5,1195.599976,1176,1192.280029,1059.553955,1723988
11-12-2015,1191.5,1195.969971,1181.619995,1193,1060.193726,1652378
14-12-2015,1167.599976,1193.5,1165.300049,1189.219971,1056.834717,2718532
15-12-2015,1189.219971,1192.5,1181.530029,1187.930054,1055.688232,1135868
16-12-2015,1192,1207.25,1192,1204.199951,1070.147095,1435934
17-12-2015,1207.5,1222.5,1196.680054,1219.880005,1084.081421,1618844
18-12-2015,1210,1217.099976,1200.319946,1208.400024,1073.879395,3024970
21-12-2015,1209.969971,1225,1203.430054,1223.199951,1087.031738,1610104
22-12-2015,1220,1220,1200,1202.530029,1068.662964,1560858
23-12-2015,1207.5,1217.5,1205.280029,1212.900024,1077.87854,849834
24-12-2015,1210.5,1219.099976,1202,1217.119995,1081.628784,843160
28-12-2015,1214,1233.199951,1210.099976,1231.349976,1094.274536,3704198
29-12-2015,1229.180054,1232.650024,1222.880005,1227.900024,1091.208618,1708524
30-12-2015,1226.530029,1229.5,1206.150024,1209.150024,1074.545776,1605762
31-12-2015,1207.880005,1224.25,1203.75,1218.430054,1082.792969,1240318
01-01-2016,1219.5,1219.5,1206.119995,1208.199951,1073.70166,712262
04-01-2016,1205.069946,1207,1183.030029,1184.800049,1052.906494,1870184
05-01-2016,1192.5,1193.300049,1170.5,1174.469971,1043.726685,2678020
06-01-2016,1175.099976,1193.069946,1175.099976,1190.800049,1058.238892,2653228
07-01-2016,1185,1191.449951,1180,1185.619995,1053.635132,3199580
08-01-2016,1192.5,1203.680054,1186.25,1198.800049,1065.348145,1907544
11-01-2016,1191.25,1192,1174.430054,1181.180054,1049.689575,2930228
12-01-2016,1181.349976,1182.5,1150.800049,1163.530029,1034.004395,3482594
13-01-2016,1158.5,1163.5,1127.550049,1139.599976,1012.73822,4746092
14-01-2016,1136.5,1149.449951,1125,1139.400024,1012.560608,2742052
15-01-2016,1144.430054,1145.849976,1127.5,1130.550049,1004.696045,3269408
18-01-2016,1131,1145.949951,1130,1138.819946,1012.045349,2213922
19-01-2016,1138.5,1150,1134.150024,1139.650024,1012.782959,967910
20-01-2016,1136.900024,1142.5,1121.5,1140.050049,1013.138306,1615954
21-01-2016,1142.5,1144.949951,1122.880005,1127.25,1006.619446,2675536
22-01-2016,1136.5,1151.030029,1130,1147.880005,1025.041748,1343178
25-01-2016,1150.949951,1169.5,1145.75,1152.319946,1029.006836,1397560
27-01-2016,1151,1164.969971,1140.949951,1159.880005,1035.757568,1626986
28-01-2016,1157.75,1174.449951,1154.030029,1165.599976,1040.865356,3106660
29-01-2016,1179.349976,1200,1167.530029,1195.650024,1067.700073,2235744
01-02-2016,1195.550049,1206.469971,1179.5,1201.349976,1072.789551,1495274
02-02-2016,1204.5,1216.5,1189.849976,1199.050049,1070.736206,1475588
03-02-2016,1193.75,1214.949951,1180.150024,1208.150024,1078.862305,1308692
04-02-2016,1210.949951,1220,1201,1210.030029,1080.540894,1250046
05-02-2016,1204.050049,1219.969971,1204.050049,1210.969971,1081.380371,1402996
08-02-2016,1200,1206.030029,1173.5,1181.469971,1055.037109,1063658
09-02-2016,1166.800049,1166.800049,1127.800049,1140.699951,1018.630127,2489610
10-02-2016,1137.5,1144.949951,1129.050049,1134.400024,1013.004333,1890732
11-02-2016,1140,1144.5,1085.819946,1098.969971,981.365784,1962408
12-02-2016,1100,1121.699951,1082,1113.300049,994.162109,2172568
15-02-2016,1125,1153.430054,1120,1134.569946,1013.156006,2479712
16-02-2016,1133,1141,1121.5,1132.780029,1011.557678,1588702
17-02-2016,1132.5,1139.819946,1123.199951,1137.780029,1016.022705,1585178
18-02-2016,1142.5,1159.880005,1139,1157.930054,1034.016235,1529140
19-02-2016,1153.680054,1163.5,1152.719971,1159.819946,1035.704102,879012
22-02-2016,1160.119995,1171.5,1152.5,1157.949951,1034.034424,1324884
23-02-2016,1155.119995,1159.949951,1128.380005,1132,1010.861328,1306852
24-02-2016,1131.219971,1131.219971,1100.599976,1105.469971,987.170288,1659328
25-02-2016,1109.900024,1114,1092.819946,1106.430054,988.027527,1830556
26-02-2016,1114.849976,1128.449951,1099.800049,1105.25,986.973755,1537536
29-02-2016,1118.5,1118.5,1057.5,1088.400024,971.926819,2191718
01-03-2016,1096.5,1142.550049,1081,1138.319946,1016.504822,1999760
02-03-2016,1152.5,1165,1128.119995,1159.430054,1035.355835,1527486
03-03-2016,1168,1195.5,1150.5,1186.569946,1059.591553,2648284
04-03-2016,1190,1190,1174.780029,1178.780029,1052.635132,1512966
08-03-2016,1171.050049,1183.5,1152.099976,1177.150024,1051.179565,1268152
09-03-2016,1170.5,1184.699951,1147.569946,1178.619995,1052.492065,2017784
10-03-2016,1178.030029,1179.930054,1157.469971,1174.150024,1048.50061,1661666
11-03-2016,1170,1195.430054,1167.5,1182.619995,1056.064209,1530528
14-03-2016,1181,1199,1170,1177.5,1051.49231,1636742
15-03-2016,1174.530029,1181.75,1160.050049,1164.949951,1040.285034,1623356
16-03-2016,1157.5,1166,1153.449951,1163.530029,1039.016968,1918246
17-03-2016,1167,1180.900024,1166,1176.030029,1050.179443,2221088
18-03-2016,1180,1215,1180,1212.930054,1083.130737,3204070
21-03-2016,1213,1227.469971,1210,1223.119995,1092.22998,2336982
22-03-2016,1221,1242.5,1218.25,1236.550049,1104.2229,1951984
23-03-2016,1243.949951,1243.949951,1228.650024,1236.900024,1104.535645,2278434
28-03-2016,1245.5,1258.569946,1230.780029,1236.699951,1104.357178,3320882
29-03-2016,1239,1243.469971,1227.5,1234.699951,1102.570679,1838796
30-03-2016,1235.449951,1252.5,1230,1244.75,1111.545288,2136504
31-03-2016,1239.150024,1275,1236.069946,1260.150024,1125.297241,4363964
01-04-2016,1252.5,1260.430054,1217.050049,1226.949951,1095.650146,3041400
04-04-2016,1228,1244,1223.5,1235.619995,1103.392578,1752352
05-04-2016,1235.400024,1242.449951,1221.030029,1231.380005,1099.606201,1491794
06-04-2016,1235,1244.5,1229.680054,1240.949951,1108.1521,1763150
07-04-2016,1240,1242.349976,1228.5,1235.400024,1103.196167,2390942
08-04-2016,1233,1236.849976,1213.5,1216.030029,1085.898682,1399500
11-04-2016,1216.5,1258.5,1206.5,1253.319946,1119.198364,2400648
12-04-2016,1249,1262.5,1244.050049,1259.069946,1124.332764,1303628
13-04-2016,1265,1272.5,1256.25,1263.099976,1127.931641,1601468
18-04-2016,1226.5,1276.75,1220,1259.880005,1125.056396,7121504
20-04-2016,1267.449951,1267.449951,1220,1225.180054,1094.069702,6405024
21-04-2016,1225.5,1233.699951,1206.099976,1212.199951,1082.47876,2525724
22-04-2016,1209.5,1217.699951,1202.099976,1208.530029,1079.201416,1964126
25-04-2016,1201.150024,1228.530029,1201.150024,1225.619995,1094.462402,2267654
26-04-2016,1224.5,1246.75,1221,1244.900024,1111.679565,2554368
27-04-2016,1240,1257.300049,1237.949951,1255.550049,1121.189941,1848670
28-04-2016,1250.650024,1270,1249.050049,1263.880005,1128.628174,4992744
29-04-2016,1258.5,1271,1255,1267.75,1132.084106,2372178
02-05-2016,1264.5,1265,1250,1263.349976,1128.155029,1116692
03-05-2016,1262.5,1265,1236,1239.050049,1106.455322,2153118
04-05-2016,1236.949951,1247.030029,1228.5,1239,1106.410767,1364892
05-05-2016,1239,1244.969971,1231.780029,1235.150024,1102.9729,1246566
06-05-2016,1232.5,1242.150024,1215.5,1236.699951,1104.357178,885598
09-05-2016,1236.699951,1259,1228.199951,1256.280029,1121.841309,1821276
10-05-2016,1257.5,1266.969971,1248,1261.449951,1126.458252,1158534
11-05-2016,1250,1262.800049,1245,1259.150024,1124.404297,1598716
12-05-2016,1260.280029,1284.949951,1260.280029,1283.099976,1145.791504,1513082
13-05-2016,1282.5,1283,1255.069946,1261.699951,1126.681641,1621730
16-05-2016,1269,1282.400024,1261.25,1275.569946,1139.067383,1111526
17-05-2016,1282.099976,1295.619995,1276,1285.099976,1147.577393,1756698
18-05-2016,1282.930054,1282.930054,1263.030029,1275.550049,1139.049561,1500740
19-05-2016,1277.5,1280,1263.050049,1278.469971,1141.657104,1038792
20-05-2016,1271.150024,1282.900024,1261.400024,1264.650024,1129.315918,1230918
23-05-2016,1272,1272.949951,1240.099976,1245.719971,1112.411621,1533016
24-05-2016,1242,1244.119995,1229.800049,1233.849976,1101.811768,1339158
25-05-2016,1240.5,1266.469971,1240.5,1263.219971,1128.039063,1548678
26-05-2016,1265,1282.449951,1252.550049,1274.349976,1137.977905,1943248
27-05-2016,1276.569946,1289.930054,1275.300049,1286.319946,1148.66687,1104676
30-05-2016,1291.5,1320.969971,1291,1318.199951,1177.135498,1349464
31-05-2016,1320,1323.5,1281,1284.699951,1147.220215,3722608
01-06-2016,1285.599976,1322.5,1285.5,1316.780029,1175.867432,1911942
02-06-2016,1300,1327.150024,1300,1325.069946,1183.270142,1408756
03-06-2016,1325.699951,1329,1310.25,1314.780029,1174.081177,1554922
06-06-2016,1310.25,1319.5,1301.599976,1306.25,1190.920776,1322026
07-06-2016,1307,1319.5,1306.5,1315.569946,1199.41748,1202194
08-06-2016,1308.619995,1314.280029,1302.75,1306.550049,1191.194214,938266
09-06-2016,1311.199951,1311.199951,1277.599976,1288.619995,1174.846924,1562138
10-06-2016,1283,1301.619995,1276.599976,1277.880005,1165.055542,1396832
13-06-2016,1270,1276.680054,1259,1273.5,1161.062134,1029978
14-06-2016,1279.469971,1279.469971,1259.119995,1267.430054,1155.528198,977570
15-06-2016,1265,1282.449951,1261,1278.430054,1165.556885,1270844
16-06-2016,1272.780029,1282.349976,1258.219971,1279.150024,1166.213257,1145070
17-06-2016,1279.5,1305,1279.5,1301.300049,1186.407837,1878988
20-06-2016,1301.300049,1334,1295.900024,1329.650024,1212.254639,1872838
21-06-2016,1331.75,1332.5,1320.699951,1325.599976,1208.562012,1027690
22-06-2016,1325,1338.849976,1315.880005,1333.819946,1216.056274,1761712
23-06-2016,1327.5,1329.75,1312.650024,1322.680054,1205.900024,1397014
24-06-2016,1282.569946,1296.599976,1257.069946,1286.969971,1173.342651,3766586
27-06-2016,1273.5,1273.5,1241.319946,1247.930054,1137.749634,4272566
28-06-2016,1247.930054,1251.449951,1229.199951,1231.969971,1123.198853,4499524
29-06-2016,1237.5,1256.25,1232.650024,1251.449951,1140.958862,2531264
30-06-2016,1261,1281.449951,1250.180054,1276.550049,1163.84314,5121812
01-07-2016,1281,1282.300049,1247.180054,1250.430054,1140.029175,2197296
04-07-2016,1258,1262.930054,1241,1247.099976,1136.993042,1883484
05-07-2016,1247.099976,1248.530029,1238.569946,1242.650024,1132.935913,1559748
07-07-2016,1243.849976,1245.930054,1212.5,1214.900024,1107.635742,3316800
08-07-2016,1217.5,1221.030029,1201.75,1213.300049,1106.17749,2456356
11-07-2016,1215,1235.900024,1213.5,1232.069946,1123.289795,1543632
12-07-2016,1235.849976,1237.5,1217.930054,1232.469971,1123.654785,1465536
13-07-2016,1239,1249.619995,1225.619995,1246.550049,1136.491577,2102300
14-07-2016,1243,1264.5,1235.5,1260.949951,1149.620117,2699988
15-07-2016,1258.5,1263.900024,1213.280029,1222.680054,1114.729126,8336366
18-07-2016,1223.5,1234.5,1215.300049,1216.719971,1109.295044,2598850
19-07-2016,1213.75,1236.400024,1213.75,1233.099976,1124.228882,2362896
20-07-2016,1225,1251.25,1224.069946,1247.469971,1137.330322,2815252
21-07-2016,1244.75,1259.75,1232.219971,1253.030029,1142.399414,2527148
22-07-2016,1249.449951,1262,1246,1257.550049,1146.520386,1517216
25-07-2016,1256,1281.599976,1252.900024,1279.469971,1172.565796,1688796
26-07-2016,1279.469971,1284,1266.5,1276.300049,1169.660645,2311290
27-07-2016,1277.5,1290.199951,1272.5,1288.780029,1181.098022,1750510
28-07-2016,1290.25,1314.780029,1288.530029,1309.619995,1200.196411,4632080
29-07-2016,1307,1317.449951,1299.5,1309.650024,1200.224365,2488084
01-08-2016,1316,1362.5,1316,1354.119995,1240.978394,3961704
02-08-2016,1351.449951,1357.849976,1344.900024,1349.599976,1236.835938,2578162
03-08-2016,1343,1349.5,1324.530029,1328.150024,1217.178223,2294702
04-08-2016,1335,1341.469971,1318.119995,1326,1215.207886,1415416
05-08-2016,1336.949951,1342.150024,1316,1324.550049,1213.879028,1868484
08-08-2016,1320,1334,1314.530029,1324.75,1214.0625,2058244
09-08-2016,1329,1329.900024,1289.430054,1325.099976,1214.383179,2261914
10-08-2016,1325.5,1341,1324,1337.699951,1225.930664,2062078
11-08-2016,1332.780029,1357.5,1332.780029,1354.949951,1241.739136,2233138
12-08-2016,1352.5,1372.400024,1351.030029,1369.219971,1254.816895,2327358
16-08-2016,1369,1370,1336.930054,1345.849976,1233.399292,3183754
17-08-2016,1349.5,1349.5,1309,1312.280029,1202.634155,1848566
18-08-2016,1317.5,1328.780029,1315.050049,1319.280029,1209.049438,1292064
19-08-2016,1320,1323.219971,1300,1301.75,1192.984009,2416244
22-08-2016,1294,1297.219971,1268.150024,1274.349976,1167.873535,2265274
23-08-2016,1272.469971,1302.469971,1270.099976,1300.530029,1191.866333,1503374
24-08-2016,1294.900024,1301,1284.530029,1286.030029,1178.577393,1116878
25-08-2016,1290,1294.849976,1263,1275.530029,1168.954834,1939690
26-08-2016,1279.900024,1286.280029,1258.599976,1262.469971,1156.986084,1250314
29-08-2016,1267.469971,1267.469971,1233.380005,1250.280029,1145.814941,1488728
30-08-2016,1255,1274.900024,1250.619995,1272.069946,1165.78418,1444026
31-08-2016,1275,1275,1250.430054,1255.650024,1150.736206,3231668
01-09-2016,1262.449951,1267.469971,1243.530029,1253.75,1148.994751,1345736
02-09-2016,1256,1259.699951,1248.030029,1257.400024,1152.339844,1742330
06-09-2016,1259.949951,1260.069946,1240,1242.030029,1138.253784,2239066
07-09-2016,1249.849976,1249.849976,1211.5,1220.280029,1118.321411,3854040
08-09-2016,1180,1180,1142.380005,1161.050049,1064.040161,7021516
09-09-2016,1164.849976,1183.319946,1160.030029,1176.219971,1077.942627,2742438
12-09-2016,1168.5,1181.969971,1162,1179.530029,1080.975952,2024454
14-09-2016,1181,1188.800049,1155,1164.219971,1066.945435,2069858
15-09-2016,1169.969971,1171.050049,1158.380005,1163.469971,1066.25769,2818964
16-09-2016,1168.349976,1188,1160,1180.849976,1082.185791,4358004
19-09-2016,1182.5,1213.5,1175,1205.719971,1104.977783,2802546
20-09-2016,1205.5,1208.449951,1192.699951,1203.25,1102.714355,1184552
21-09-2016,1203.849976,1212,1200.349976,1206.699951,1105.876099,1678020
22-09-2016,1212.619995,1214,1185.550049,1189,1089.654663,2857574
23-09-2016,1191,1201.930054,1185.569946,1199.050049,1098.865479,1800726
26-09-2016,1200.550049,1209.550049,1197.5,1200.550049,1100.23999,1753476
27-09-2016,1200.550049,1224,1200.550049,1218.050049,1116.27771,2038792
28-09-2016,1215.5,1218.75,1207.599976,1211.530029,1110.302368,1731328
29-09-2016,1217.5,1228.25,1209.800049,1218.900024,1117.056885,3603958
30-09-2016,1218.530029,1224.900024,1211.550049,1215.400024,1113.849365,2175364
03-10-2016,1225,1228.819946,1200.550049,1205.849976,1105.096924,1818880
04-10-2016,1210,1212.530029,1199,1202.569946,1102.09082,1780718
05-10-2016,1204,1207.699951,1188.050049,1193.180054,1093.485718,1176354
06-10-2016,1197.5,1201.199951,1186.380005,1194.380005,1094.585205,2267572
07-10-2016,1194,1194,1179.099976,1183.900024,1084.980713,1816512
10-10-2016,1184.949951,1193.449951,1177.530029,1190.150024,1090.708618,1202142
13-10-2016,1181.650024,1184.949951,1160.449951,1164.449951,1067.156006,5173334
14-10-2016,1157.5,1193.5,1145.5,1183.099976,1084.247681,7741214
17-10-2016,1184.449951,1187.900024,1172.199951,1181.219971,1082.524658,2728346
18-10-2016,1188,1207.849976,1177.400024,1200.099976,1099.827148,2128632
19-10-2016,1200.5,1205,1185.150024,1197.550049,1097.490356,1985058
20-10-2016,1198.449951,1204.680054,1193,1200.569946,1100.258057,1265854
21-10-2016,1200,1215.949951,1199.119995,1214.319946,1112.859131,1259660
24-10-2016,1214.099976,1217.449951,1201.280029,1213.849976,1118.415283,1253190
25-10-2016,1202.5,1207.300049,1190.5,1199.219971,1104.935425,1772466
26-10-2016,1199.300049,1201.380005,1186.25,1198.119995,1103.921753,1437130
27-10-2016,1189.849976,1214.75,1182.75,1209.050049,1113.992432,2941602
28-10-2016,1205,1207.550049,1194,1199.349976,1105.055298,1752102
01-11-2016,1199.849976,1199.849976,1167.069946,1175,1082.619629,2934776
02-11-2016,1170.5,1172,1147.5,1152.030029,1061.455444,2325076
03-11-2016,1147,1167.5,1142.25,1159.719971,1068.540894,1463310
04-11-2016,1160,1168.069946,1147,1165.280029,1073.663818,1183752
07-11-2016,1168.949951,1172.449951,1130.030029,1138.530029,1049.01709,2048052
08-11-2016,1140.219971,1153.5,1130,1141.599976,1051.845337,1933634
09-11-2016,1090,1137.5,1071.430054,1084.930054,999.630859,4500226
10-11-2016,1102.400024,1108.75,1070.400024,1077.719971,992.987976,2172426
11-11-2016,1073.530029,1073.530029,1043.099976,1050.569946,967.97229,2398424
15-11-2016,1058.449951,1078.780029,1025.949951,1060.650024,977.259949,6290324
16-11-2016,1072.550049,1104.449951,1069,1094.800049,1008.725098,4019958
17-11-2016,1092.5,1104.300049,1065.069946,1068.599976,984.585083,2504688
18-11-2016,1071,1075,1052.099976,1062.550049,979.010742,2140534
21-11-2016,1063.099976,1070,1052.5,1066.449951,982.604004,1793366
22-11-2016,1066,1088.719971,1061.030029,1067.5,983.571594,1318860
23-11-2016,1074.5,1081.469971,1063.599976,1078.180054,993.411743,1275808
24-11-2016,1077.449951,1103.800049,1068.5,1094.219971,1008.190491,3026234
25-11-2016,1106,1153.619995,1096.099976,1150.180054,1059.751099,4276148
28-11-2016,1147,1159.719971,1125.949951,1141.300049,1051.569458,1924296
29-11-2016,1137.5,1146,1126.280029,1129.930054,1041.09314,1442296
30-11-2016,1132.5,1147.380005,1121.150024,1138.030029,1048.556274,3445832
01-12-2016,1138.5,1145,1127.030029,1131.719971,1042.742554,1123052
02-12-2016,1129,1135.400024,1102.599976,1110.930054,1023.587097,1998032
05-12-2016,1114.5,1118.930054,1085,1093,1007.066589,2249526
06-12-2016,1095,1101.969971,1084.949951,1091.180054,1005.389771,1593444
07-12-2016,1091.099976,1092.219971,1072.819946,1077.280029,992.582458,2065706
08-12-2016,1080.25,1099.5,1080,1097.880005,1011.56311,3239546
09-12-2016,1102.5,1109.949951,1086.650024,1097.619995,1011.323364,1588718
12-12-2016,1097.400024,1108.800049,1081.5,1104.099976,1017.294006,1311758
13-12-2016,1109,1109,1091.5,1100.150024,1013.654663,2147534
14-12-2016,1107,1112.349976,1094.5,1103.800049,1017.017517,1870366
15-12-2016,1101,1136.050049,1101,1129.650024,1040.834961,4295410
16-12-2016,1138.5,1145,1126,1141.319946,1051.587524,1987230
19-12-2016,1140,1148.849976,1130.650024,1144.449951,1054.471558,1334210
20-12-2016,1146,1172.5,1143.530029,1169.650024,1077.690186,2922760
21-12-2016,1171.900024,1171.900024,1152.800049,1156.800049,1065.850464,2034902
22-12-2016,1153,1162.5,1143.099976,1153.849976,1063.132568,1868300
23-12-2016,1150,1158.880005,1139.400024,1144.050049,1054.103027,1118954
26-12-2016,1133,1150.800049,1133,1146.550049,1056.406494,897408
27-12-2016,1140.75,1165,1140.75,1161.699951,1070.365356,1294692
28-12-2016,1163.349976,1174.949951,1151.569946,1156.699951,1065.758423,1350418
29-12-2016,1151.5,1179.949951,1151.5,1175.849976,1083.402588,1963516
30-12-2016,1177.449951,1189.300049,1172.819946,1182.780029,1089.788086,1405748
02-01-2017,1183.300049,1187.550049,1176.199951,1180.680054,1087.853149,823132
03-01-2017,1180.619995,1185.849976,1171.650024,1184.119995,1091.022583,1475324
04-01-2017,1184.849976,1194.430054,1179.150024,1189.75,1096.209961,1420066
05-01-2017,1192,1194.969971,1160.199951,1167.199951,1075.432739,2216404
06-01-2017,1160.5,1164.680054,1128.550049,1140.699951,1051.016235,3009896
09-01-2017,1137.5,1155.650024,1128.5,1151.849976,1061.289795,1854578
10-01-2017,1152,1164.900024,1145.75,1157.680054,1066.661499,1533914
11-01-2017,1157.5,1164.800049,1140.099976,1162.199951,1070.825806,1931296
12-01-2017,1162.199951,1180,1152,1172.180054,1080.021606,2570374
13-01-2017,1174,1178.969971,1118.930054,1124.650024,1036.228027,10235580
16-01-2017,1125,1136.949951,1114,1129.280029,1040.494019,3364808
17-01-2017,1127.449951,1143.900024,1126.400024,1139.380005,1049.800049,3009956
18-01-2017,1139,1149,1132.719971,1147.550049,1057.328003,3136574
19-01-2017,1147.5,1147.569946,1141.469971,1145.5,1055.438843,2251676
20-01-2017,1143.5,1150,1132.5,1142.680054,1052.84082,2037246
23-01-2017,1132.5,1156.75,1129.900024,1153.349976,1068.751343,2318546
24-01-2017,1152,1161.5,1145,1159.180054,1074.153687,2282638
25-01-2017,1161.300049,1180,1159.030029,1176.5,1090.203247,4111648
27-01-2017,1172.530029,1189.380005,1172.530029,1178.900024,1092.427368,2871658
30-01-2017,1170.5,1175.969971,1159.069946,1166.449951,1080.890259,2577956
31-01-2017,1160,1166.030029,1100.030029,1114.900024,1033.12146,4666804
01-02-2017,1110,1119.969971,1077.780029,1083.949951,1004.441895,4864152
02-02-2017,1085.030029,1109.5,1076.5,1103.819946,1022.854248,6009482
03-02-2017,1104.849976,1121.5,1095.5,1116.280029,1034.400391,2153372
06-02-2017,1129,1129.25,1107.469971,1120.380005,1038.199463,2408910
07-02-2017,1122,1126.300049,1113,1122.300049,1039.978882,1814638
08-02-2017,1122.449951,1141.300049,1122.030029,1135.469971,1052.182617,2212584
09-02-2017,1137.5,1164,1135.099976,1158.650024,1073.662598,4033202
10-02-2017,1155.5,1212.219971,1155.5,1198.969971,1111.025024,5782160
13-02-2017,1198,1214.5,1191.180054,1207.119995,1118.576904,3819812
14-02-2017,1209.819946,1209.819946,1199,1203.119995,1114.87085,2033328
15-02-2017,1198.5,1214,1187.550049,1206.849976,1118.326904,1924972
16-02-2017,1230,1239,1217.800049,1223.880005,1134.108032,4175680
17-02-2017,1236,1237.800049,1201,1203.949951,1115.639648,2723324
20-02-2017,1212.5,1277.5,1204.050049,1251.099976,1159.331299,3973948
21-02-2017,1257,1262.949951,1227.569946,1232.680054,1142.262451,5501112
22-02-2017,1232.949951,1235,1200.069946,1205.75,1117.307739,4505496
23-02-2017,1207.5,1246.619995,1207.5,1240.900024,1149.879517,4853352
27-02-2017,1239.550049,1251,1235.030029,1244.930054,1153.613892,2139892
28-02-2017,1244.75,1245,1225,1233.119995,1142.670166,2354828
01-03-2017,1239.949951,1250.949951,1235,1239.780029,1148.841431,1130374
02-03-2017,1243.349976,1255,1235.030029,1250.719971,1158.979126,1544942
03-03-2017,1246,1249.849976,1237.699951,1247.030029,1155.559814,1013970
06-03-2017,1240,1242,1227.280029,1236.25,1145.570435,1400694
07-03-2017,1241.449951,1252.5,1237.530029,1249.900024,1158.21936,1511672
08-03-2017,1251,1260,1246.099976,1256.099976,1163.964478,1791510
09-03-2017,1257.069946,1262,1252.030029,1259.880005,1167.467285,858468
10-03-2017,1259.800049,1274.780029,1256.969971,1271.119995,1177.882813,1171420
14-03-2017,1278.400024,1293.569946,1275.530029,1283.75,1189.586426,3402294
15-03-2017,1286,1286.069946,1246.930054,1249.150024,1157.52417,3022496
16-03-2017,1253,1263.5,1253,1260.449951,1167.995361,1571818
17-03-2017,1273,1273,1254.880005,1262.880005,1170.24707,2593152
20-03-2017,1262.969971,1262.969971,1233,1240,1149.04541,3487540
21-03-2017,1241,1246,1232.5,1243.349976,1152.149658,3373700
22-03-2017,1240.069946,1248,1234.969971,1239.469971,1148.554443,1888716
23-03-2017,1241,1242.530029,1223.599976,1230.180054,1139.945923,2620638
24-03-2017,1234.900024,1234.900024,1211.650024,1213.599976,1124.581909,5099814
27-03-2017,1213.469971,1220,1203,1206.030029,1117.567139,2181270
28-03-2017,1205,1221.699951,1205,1214.969971,1125.851318,1153158
29-03-2017,1218,1225.400024,1212.800049,1222.300049,1132.643677,1717764
30-03-2017,1222.449951,1232.5,1217.5,1220.5,1130.975586,2986086
31-03-2017,1219.199951,1220.430054,1207.5,1215.900024,1126.713257,1867044
03-04-2017,1217.5,1217.5,1204.099976,1205.849976,1117.400391,1196888
05-04-2017,1209.949951,1209.949951,1197.5,1200.619995,1112.553955,2905568
06-04-2017,1200,1205,1196.280029,1200.030029,1112.007446,1720704
07-04-2017,1197.449951,1216.619995,1196.069946,1214.530029,1125.443848,2277012
10-04-2017,1216,1224.5,1202.5,1211.119995,1122.283691,2543264
11-04-2017,1208.650024,1221.550049,1203,1209.650024,1120.921631,1557784
12-04-2017,1211.25,1214,1191.5,1196.619995,1108.847168,1050538
13-04-2017,1200,1204.5,1160.530029,1164.319946,1078.916504,2500472
17-04-2017,1165.199951,1166.449951,1147.569946,1157.430054,1072.532104,2270882
18-04-2017,1165,1167.099976,1151.030029,1154.400024,1069.724365,1730620
19-04-2017,1131.75,1174.349976,1126.400024,1149.569946,1065.248535,5626812
20-04-2017,1152.650024,1166,1145.469971,1162.75,1077.462036,1268842
21-04-2017,1164.550049,1167.819946,1150.5,1155.400024,1070.650757,1161154
24-04-2017,1150,1169.819946,1141.25,1164.050049,1078.66626,2000020
25-04-2017,1164,1172.219971,1151.349976,1155.75,1070.975098,3148710
26-04-2017,1170,1171.969971,1151.530029,1155.180054,1070.447021,2187438
27-04-2017,1153.030029,1163.900024,1138.819946,1151.319946,1066.870239,5773186
28-04-2017,1147,1149.380005,1134,1136.569946,1053.202148,2540510
02-05-2017,1147,1151,1140,1144.949951,1060.967163,2382696
03-05-2017,1147.5,1172.5,1134.25,1168.650024,1082.929199,3514406
04-05-2017,1174.969971,1175,1154.400024,1165.050049,1079.59314,2708208
05-05-2017,1154,1166.25,1151.25,1160.25,1075.145264,1682474
08-05-2017,1160.5,1173.699951,1158.849976,1171.219971,1085.310425,1071782
09-05-2017,1171.969971,1180.5,1166.280029,1176.280029,1089.999512,1790270
10-05-2017,1177.5,1178.069946,1158,1166.219971,1080.677002,1206388
11-05-2017,1173.650024,1180,1161.380005,1174.719971,1088.553711,2071302
12-05-2017,1171.650024,1184.949951,1160.030029,1180.319946,1093.743042,2314446
15-05-2017,1187.550049,1188.969971,1170.800049,1182.550049,1095.80957,1817604
16-05-2017,1190,1217.5,1186.719971,1214.569946,1125.480713,3601026
17-05-2017,1216.75,1230.380005,1211.5,1227.680054,1137.629272,2876198
18-05-2017,1225,1286,1221.119995,1268.099976,1175.084229,5138594
19-05-2017,1268.099976,1270.280029,1243,1253.569946,1161.619995,1786044
22-05-2017,1255,1276.880005,1255,1265.680054,1172.841797,1663940
23-05-2017,1266.599976,1282.069946,1257,1260.849976,1168.365967,2748596
24-05-2017,1267.400024,1285,1264.819946,1279.569946,1185.713013,2534548
25-05-2017,1288.5,1318.780029,1284,1312.300049,1216.042358,4094094
26-05-2017,1312.5,1313.430054,1282.319946,1289.119995,1194.562378,1362550
29-05-2017,1289.5,1298.25,1282,1286.430054,1192.069946,1749290
30-05-2017,1280,1287.969971,1262.5,1275.550049,1181.987671,927634
31-05-2017,1266.5,1286.25,1264,1273.300049,1179.90271,2502730
01-06-2017,1265,1282,1265,1276.800049,1183.146362,1080064
02-06-2017,1278.119995,1295.930054,1276.25,1282.449951,1188.381714,1355648
05-06-2017,1282.5,1309.949951,1280.069946,1301.969971,1206.470215,1500188
06-06-2017,1315.5,1354.469971,1315,1348,1249.123413,5946720
07-06-2017,1348.5,1350,1288.280029,1307.619995,1211.705566,4927776
08-06-2017,1299,1302.469971,1257.75,1260.800049,1168.319824,3330714
09-06-2017,1260,1273.699951,1243,1253.5,1161.555298,3148034
12-06-2017,1248.5,1256.449951,1235.199951,1243.599976,1152.381348,1626506
13-06-2017,1232.5,1240.550049,1223.5,1225.780029,1148.567627,1175414
14-06-2017,1227.5,1238,1227.5,1235.099976,1157.300537,1489142
15-06-2017,1234.5,1234.849976,1202.5,1205.599976,1129.658936,2997198
16-06-2017,1207.469971,1217.5,1193.25,1199.849976,1124.271118,2450426
19-06-2017,1208.449951,1223.180054,1202.569946,1215.849976,1139.263184,1644742
20-06-2017,1215.5,1224.5,1190.150024,1222.5,1145.494385,1670958
21-06-2017,1220,1221.069946,1198.599976,1203.150024,1127.363159,1657818
22-06-2017,1204.5,1215.5,1192.5,1197.430054,1122.003418,5775882
23-06-2017,1199.699951,1206.969971,1177,1180.849976,1106.467896,1424756
27-06-2017,1175.300049,1192.349976,1165.800049,1171.430054,1097.641479,1974330
28-06-2017,1174.949951,1179,1167.5,1175.030029,1101.014404,1789726
29-06-2017,1179.5,1186.030029,1161.550049,1166.619995,1093.134033,2471826
30-06-2017,1162.199951,1188.5,1161.550049,1181.180054,1106.776978,1753848
03-07-2017,1178.699951,1191.530029,1171.550049,1186.800049,1112.043213,1475956
04-07-2017,1186.650024,1190.219971,1175.030029,1183.430054,1108.885498,1215134
05-07-2017,1180.400024,1182.5,1172.5,1178,1103.797363,815856
06-07-2017,1179.5,1180.949951,1170.050049,1173.780029,1099.843262,1026788
07-07-2017,1175,1178.219971,1162.75,1165.969971,1092.525024,1232090
10-07-2017,1203,1222.449951,1189.469971,1217.469971,1140.78125,783608
11-07-2017,1213,1257.400024,1213,1237.900024,1159.924194,3537504
12-07-2017,1241.25,1241.650024,1215.050049,1219.719971,1142.889404,2646450
13-07-2017,1222.5,1236,1213.300049,1223.199951,1146.150146,3131960
14-07-2017,1191.5,1212.5,1187.5,1198.719971,1123.21228,4508432
17-07-2017,1198.849976,1211.050049,1191.099976,1197.719971,1122.275391,2211822
18-07-2017,1198.069946,1221.5,1198.069946,1204.180054,1128.328369,1908002
19-07-2017,1207.75,1230,1207.550049,1224.800049,1147.64978,3915576
20-07-2017,1224.619995,1228.449951,1215.25,1222.349976,1145.35376,1182504
21-07-2017,1217.449951,1250,1217.280029,1245.599976,1167.13916,2148416
24-07-2017,1241,1270,1241,1265.349976,1188.985962,2271402
25-07-2017,1262.880005,1290,1259.199951,1285.75,1208.155029,2678832
26-07-2017,1280,1287.5,1273.5,1278,1200.872803,1459826
27-07-2017,1271.099976,1292.400024,1233.25,1240.849976,1165.9646,4255304
28-07-2017,1240.5,1246.530029,1221,1242.150024,1167.186279,1382752
31-07-2017,1235.5,1259.5,1231.5,1245.900024,1170.709839,2019662
01-08-2017,1250,1260.380005,1245.5,1250.819946,1175.333008,1747460
02-08-2017,1250,1254,1231,1236.900024,1162.253174,1251024
03-08-2017,1240,1251,1233.219971,1244.719971,1169.601318,1882548
04-08-2017,1245.400024,1264.150024,1244,1261.400024,1185.274414,1387890
07-08-2017,1258.25,1260,1240.599976,1251.719971,1176.178467,1885520
08-08-2017,1256,1264.300049,1248.150024,1251.530029,1176.000122,1073958
09-08-2017,1250,1261.430054,1246.650024,1256,1180.200317,992946
10-08-2017,1254.5,1260.300049,1243.180054,1255.719971,1179.937378,1526172
11-08-2017,1249.949951,1267.5,1241.5,1248.030029,1172.711426,1394736
14-08-2017,1251.5,1254.949951,1231.5,1234.699951,1160.185547,786504
16-08-2017,1242,1271.900024,1232.599976,1246.180054,1170.973145,1373340
17-08-2017,1250.349976,1252.5,1231.050049,1242.819946,1167.815674,1752374
18-08-2017,1237,1274.949951,1235.699951,1256.900024,1181.046021,2837356
21-08-2017,1252.75,1274.5,1247.150024,1264.400024,1188.093628,2304834
22-08-2017,1261.5,1269.75,1246,1248.780029,1173.416016,1131326
23-08-2017,1252.5,1258.400024,1236.569946,1244.719971,1169.601318,1562272
24-08-2017,1248.849976,1258.969971,1243.069946,1248.300049,1172.96521,1623908
28-08-2017,1252.300049,1252.699951,1230.5,1243.650024,1168.595581,2036796
29-08-2017,1241,1248,1231.969971,1235.430054,1160.871826,1312602
30-08-2017,1240.5,1245,1230.050049,1242.280029,1167.30835,970782
31-08-2017,1242.5,1252.199951,1233.319946,1248.180054,1172.852173,1784664
01-09-2017,1240,1249.030029,1218.280029,1228.219971,1154.09668,1702330
04-09-2017,1226.550049,1230.5,1219,1228.099976,1153.984131,1062544
05-09-2017,1230,1245,1218.530029,1242.180054,1167.214355,1165994
06-09-2017,1234.069946,1237.430054,1225,1226.599976,1152.574707,1228764
07-09-2017,1229,1234.199951,1225.530029,1230.050049,1155.816528,870636
08-09-2017,1226.880005,1237,1226.280029,1235.300049,1160.749634,1021134
11-09-2017,1235.599976,1241.469971,1225,1227.219971,1153.157349,732764
12-09-2017,1236.949951,1248.5,1228.5,1244.219971,1169.131226,1396460
13-09-2017,1250,1265.819946,1237.599976,1244.599976,1169.488281,1278980
14-09-2017,1241,1248.800049,1235.949951,1243.469971,1168.426636,1081510
15-09-2017,1249.5,1258.5,1242.5,1253.030029,1177.409546,2944072
18-09-2017,1252.469971,1259.469971,1244.619995,1249.530029,1174.120972,726600
19-09-2017,1252.5,1252.5,1245.75,1249.119995,1173.735596,782754
20-09-2017,1257,1257,1237.150024,1246.780029,1171.536987,1334642
21-09-2017,1245.530029,1270.5,1240,1262.449951,1186.261108,2438740
22-09-2017,1259.949951,1263.449951,1246,1251.800049,1176.253784,2435396
25-09-2017,1248.280029,1267,1246.380005,1255.380005,1179.617798,1599558
26-09-2017,1255,1263.199951,1233,1237.319946,1162.647827,1449230
27-09-2017,1245,1256.099976,1236.880005,1247.5,1172.213379,2010356
28-09-2017,1247.349976,1257,1226,1238.219971,1163.493286,4332866
29-09-2017,1239.5,1242,1210.75,1217.969971,1144.465454,1985014
03-10-2017,1220,1227.150024,1213.530029,1224.219971,1150.338379,1923006
04-10-2017,1224.800049,1227,1212.5,1221.150024,1147.453613,1300778
05-10-2017,1220.5,1221.719971,1212.199951,1214.800049,1141.486938,1684686
06-10-2017,1215,1227.5,1214.030029,1223.319946,1149.492676,1389188
09-10-2017,1220.530029,1233.969971,1220.530029,1227.050049,1152.997681,1773616
10-10-2017,1227.5,1234.969971,1225.619995,1229.619995,1155.412231,1222010
11-10-2017,1230,1257.219971,1228.380005,1250.180054,1174.731689,1527746
12-10-2017,1256.5,1277.5,1253.5,1274.099976,1197.20813,5006356
13-10-2017,1274.099976,1304.469971,1261.5,1279.300049,1202.094116,4066320
16-10-2017,1277.530029,1295,1277.530029,1292.199951,1214.215576,1218590
17-10-2017,1292.5,1307.469971,1288.780029,1297.280029,1218.98938,1443016
18-10-2017,1297.5,1306.819946,1290,1293.300049,1215.249268,1514144
19-10-2017,1296,1297.900024,1285.5,1291.949951,1213.980835,86822
23-10-2017,1292,1314.5,1273.719971,1293.949951,1215.859985,1886088
24-10-2017,1310,1310.449951,1284.530029,1289.199951,1211.396606,1339020
25-10-2017,1289.25,1307,1277.5,1279.949951,1205.979126,1105106
26-10-2017,1267.550049,1284.569946,1258.949951,1269.430054,1196.067139,3007552
27-10-2017,1269,1296.569946,1265.150024,1292.150024,1217.474243,1409270
30-10-2017,1293,1310,1290.849976,1308.099976,1232.502075,1137252
31-10-2017,1300.650024,1320,1300.650024,1312,1236.17688,1592634
01-11-2017,1312,1313.430054,1289.430054,1301.430054,1226.217651,741882
02-11-2017,1304.25,1337,1303.380005,1313.069946,1237.184937,1468422
03-11-2017,1316.199951,1318.349976,1301.400024,1310.050049,1234.3396,666886
06-11-2017,1310,1335.900024,1305.880005,1332.780029,1255.755981,1377000
07-11-2017,1335,1384,1333.030029,1355.030029,1276.720337,2696892
08-11-2017,1361.5,1379.5,1359.119995,1367.5,1288.469482,1402252
09-11-2017,1375,1375,1359.650024,1368.199951,1289.129028,1152432
10-11-2017,1361.099976,1363,1346.680054,1354.380005,1276.107544,1356566
13-11-2017,1351.030029,1388.699951,1351.030029,1379.469971,1299.747681,1496996
14-11-2017,1378.280029,1378.280029,1353.75,1357.300049,1278.858887,1657252
15-11-2017,1353,1377.5,1350.680054,1352.650024,1274.477661,6670834
16-11-2017,1355,1381.5,1343.469971,1373.319946,1293.953125,1653482
17-11-2017,1374.050049,1374.050049,1351.800049,1353.650024,1275.419922,1325464
20-11-2017,1357.5,1363.449951,1347.650024,1351.719971,1273.601318,1014498
21-11-2017,1350.5,1350.5,1333,1336.469971,1259.232544,1527740
22-11-2017,1336.5,1354.849976,1336.199951,1340.319946,1262.860229,1822624
23-11-2017,1340.5,1346.5,1334.5,1340.619995,1263.142822,793470
24-11-2017,1341,1351.449951,1336.550049,1344.030029,1266.355835,2287512
27-11-2017,1344,1347.949951,1331.099976,1342.930054,1265.319336,1856786
28-11-2017,1343,1351.199951,1335,1342.650024,1265.05542,911716
29-11-2017,1338.75,1346.5,1325,1329.069946,1252.260376,1447532
30-11-2017,1326.819946,1333.469971,1311.5,1318.5,1242.301147,4299962
01-12-2017,1317.5,1334,1310.75,1314.969971,1238.975098,1031144
04-12-2017,1311,1329.25,1301.469971,1316.180054,1240.115112,1259104
05-12-2017,1315.5,1325.849976,1314.069946,1317.780029,1241.622681,1167914
06-12-2017,1318,1322.5,1306.430054,1316.650024,1240.558228,1407518
07-12-2017,1316.150024,1322.969971,1307.5,1308.619995,1232.99231,1326300
08-12-2017,1309,1322.5,1298.5,1300.75,1225.577026,1385548
11-12-2017,1304.180054,1336.319946,1304.180054,1330.550049,1253.655029,1008002
12-12-2017,1330.5,1331,1303.699951,1306.069946,1230.589478,1882246
13-12-2017,1305.699951,1325.719971,1300.5,1314.199951,1238.249512,2961458
14-12-2017,1316,1316,1265.550049,1278.900024,1204.989746,5504150
15-12-2017,1281.880005,1292.219971,1268.430054,1272.800049,1199.242065,2718138
18-12-2017,1268.5,1294.469971,1247.180054,1290.25,1215.683838,2180664
19-12-2017,1288,1298.900024,1282.349976,1287.650024,1213.234131,1801952
20-12-2017,1291,1296.380005,1275.319946,1294.469971,1219.65979,1577570
21-12-2017,1293.5,1304,1290.030029,1297.849976,1222.844727,1293648
22-12-2017,1302,1331.949951,1295.099976,1323.380005,1246.899292,3665664
26-12-2017,1343,1344.880005,1315.800049,1324.719971,1248.161743,2175786
27-12-2017,1324.719971,1329.25,1305.25,1309.949951,1234.245117,739284
28-12-2017,1304.400024,1326.75,1302.819946,1313.469971,1237.56189,2605088
29-12-2017,1311.550049,1354.449951,1309.280029,1350.599976,1272.546143,2609542
01-01-2018,1341.150024,1347.400024,1317.5,1322.800049,1246.352661,1351760
02-01-2018,1330,1334.800049,1310.099976,1315.599976,1239.568848,1920290
03-01-2018,1316,1334.5,1315.599976,1319.319946,1243.07373,1257120
04-01-2018,1325,1331,1320,1328.550049,1251.77063,913082
05-01-2018,1325,1349.75,1325,1344.599976,1266.892944,1153706
08-01-2018,1350,1363.430054,1340.930054,1357.199951,1278.764648,1242220
09-01-2018,1357.5,1360.5,1338.280029,1354.5,1276.220825,2149396
10-01-2018,1355.5,1408,1347.319946,1403.300049,1322.200195,3365850
11-01-2018,1405,1410.949951,1391.099976,1395.25,1314.615723,2520744
12-01-2018,1402.5,1402.5,1370.280029,1388.180054,1307.954346,3360314
15-01-2018,1388.569946,1404,1367.530029,1373.050049,1293.69873,1457214
16-01-2018,1378,1430.819946,1375.280029,1425.430054,1343.05127,4267752
17-01-2018,1435,1462.5,1431.069946,1444.469971,1360.991089,4280806
18-01-2018,1448.5,1466.5,1434.030029,1459.099976,1374.775635,2209478
19-01-2018,1465.280029,1491,1451.819946,1479.650024,1394.137939,1820000
22-01-2018,1480.5,1567.349976,1461,1558.199951,1471.629517,4367110
23-01-2018,1557.469971,1571.180054,1545.030029,1551,1464.829346,3239610
24-01-2018,1545,1629.530029,1541.319946,1587.300049,1499.112671,5621538
25-01-2018,1587.5,1589.900024,1540.5,1560.530029,1473.829956,3833844
29-01-2018,1565.699951,1612.5,1561,1599.430054,1510.56897,3141060
30-01-2018,1590,1601.900024,1571.849976,1576.430054,1488.846802,1574758
31-01-2018,1568.5,1575,1549.300049,1556.180054,1469.721436,3043214
01-02-2018,1562,1595,1544.400024,1569.300049,1482.112793,2400630
02-02-2018,1560,1595,1551.719971,1576.819946,1489.215088,2456490
05-02-2018,1555,1594,1538.430054,1551.599976,1465.395996,2757742
06-02-2018,1505,1538.569946,1492.5,1498.619995,1415.359497,2657306
07-02-2018,1513.5,1515.5,1473.719971,1477.530029,1395.441406,2180324
08-02-2018,1489.880005,1513.800049,1479.5,1487.099976,1404.479614,2755004
09-02-2018,1475,1497,1448.319946,1485.849976,1403.299072,2102458
12-02-2018,1489.150024,1511.680054,1477.780029,1483.650024,1401.221313,1974562
14-02-2018,1485,1487.219971,1446.25,1455.900024,1375.013062,2847532
15-02-2018,1465.969971,1471.5,1452.550049,1462.930054,1381.652588,2465236
16-02-2018,1461.5,1499.800049,1461.5,1466.530029,1385.052368,2515756
19-02-2018,1472.5,1476.650024,1447.599976,1461.800049,1380.585327,1568224
20-02-2018,1464,1492.530029,1463.949951,1472.380005,1390.577393,1889068
21-02-2018,1487,1531.300049,1480.030029,1521.150024,1436.637939,3089228
22-02-2018,1526,1539.5,1511.25,1525.099976,1440.36853,3463010
23-02-2018,1525,1544.5,1496.050049,1537.900024,1452.457275,3362500
26-02-2018,1537.5,1544.969971,1510.599976,1515.849976,1431.632324,1363882
27-02-2018,1520.5,1539.280029,1516,1521.180054,1436.666382,1717800
28-02-2018,1517.5,1531.969971,1510.719971,1517.530029,1433.218994,2706864
01-03-2018,1524.5,1530.599976,1510,1518.849976,1434.465576,1718124
05-03-2018,1524.5,1556.819946,1516.469971,1552.930054,1466.652222,2858168
06-03-2018,1561,1563.5,1515.069946,1521.400024,1436.874268,1906764
07-03-2018,1535,1544.5,1509.25,1513.719971,1429.620483,1917772
08-03-2018,1527.449951,1527.449951,1493.75,1501.969971,1418.523438,1951826
09-03-2018,1502.5,1531.599976,1488.599976,1517.050049,1432.765625,1872436
12-03-2018,1521.5,1541.949951,1517.75,1526.069946,1441.284668,2091340
13-03-2018,1462.449951,1469.849976,1436,1443.400024,1363.20752,88067154
14-03-2018,1446.469971,1461.530029,1437.530029,1443.449951,1363.254517,3668668
15-03-2018,1447.5,1451.280029,1427.800049,1434.849976,1355.132446,2348906
16-03-2018,1434.400024,1436,1402.5,1412.849976,1334.354736,7197482
19-03-2018,1414.5,1424,1410,1415.5,1336.857666,3489940
20-03-2018,1410,1436.599976,1409.5,1432.430054,1352.847046,4024984
21-03-2018,1436.25,1442.150024,1425,1428.380005,1349.021973,3907678
22-03-2018,1429.969971,1437.969971,1411.280029,1415.680054,1337.027588,2326094
23-03-2018,1401,1417.050049,1399.030029,1409.069946,1330.784668,3654122
26-03-2018,1409.5,1413.699951,1390.780029,1408.5,1330.246582,2964210
27-03-2018,1412.5,1431.5,1411.530029,1423.849976,1344.743774,2494574
28-03-2018,1417.949951,1437.5,1412.5,1424.569946,1345.42334,6865654
02-04-2018,1420,1457,1420,1454.819946,1373.993164,1662988
03-04-2018,1446.050049,1464.949951,1446.050049,1455.619995,1374.748413,1937290
04-04-2018,1464.719971,1467,1446,1455.449951,1374.587891,2841820
05-04-2018,1463.280029,1481.880005,1460.180054,1478.969971,1396.801147,1809424
06-04-2018,1477,1480,1463.280029,1475.150024,1393.193604,1129018
09-04-2018,1469.849976,1481.75,1457.5,1461.949951,1380.726807,1235866
10-04-2018,1462.849976,1478.619995,1462.849976,1468.800049,1387.196167,1184532
11-04-2018,1475.300049,1512.5,1472.800049,1507.069946,1423.34021,3124416
12-04-2018,1505,1575,1503.969971,1569.619995,1482.414795,6114360
13-04-2018,1575,1620.400024,1566.050049,1576.650024,1489.054443,8179118
16-04-2018,1558,1599.969971,1555.380005,1593.819946,1505.270508,6270274
17-04-2018,1593.819946,1597.469971,1573.599976,1583.300049,1495.334961,3301724
18-04-2018,1583,1596.719971,1572.930054,1579.550049,1491.793213,2433066
19-04-2018,1589.949951,1608.599976,1582.880005,1595.569946,1506.923218,4820952
20-04-2018,1625,1711.180054,1620,1701.219971,1606.703491,18465662
23-04-2018,1712,1778.949951,1694.780029,1704.319946,1609.631348,15185910
24-04-2018,1705,1721.569946,1671.25,1692.819946,1598.770142,8314336
25-04-2018,1692.5,1741.5,1682.530029,1735.119995,1638.720093,8196574
26-04-2018,1733.5,1780,1733.5,1769.619995,1671.303467,12135034
27-04-2018,1762.5,1772,1710,1725.969971,1630.078491,4501330
30-04-2018,1725.969971,1774.5,1718.800049,1766.050049,1667.931885,3458558
02-05-2018,1765.25,1766.099976,1735.650024,1749.880005,1652.660156,3158046
03-05-2018,1754.900024,1763,1735.199951,1740.930054,1644.207275,3761550
04-05-2018,1746,1748.5,1735,1740.380005,1643.687988,2347244
07-05-2018,1745,1745,1705.449951,1710.469971,1615.439697,3484426
08-05-2018,1717.349976,1743.25,1698.349976,1720.599976,1625.006958,2992820
09-05-2018,1720.099976,1747.380005,1720.099976,1744.650024,1647.720825,2615050
10-05-2018,1751.469971,1755.569946,1720.099976,1725.619995,1629.747925,3858678
11-05-2018,1727.099976,1742.5,1721.25,1728.469971,1632.439575,2627876
14-05-2018,1728.5,1735.5,1705.400024,1716.780029,1621.398926,2433894
15-05-2018,1725,1747.900024,1716.849976,1741.199951,1644.462402,1952890
16-05-2018,1739.969971,1754.5,1737.619995,1746.949951,1649.892822,1648450
17-05-2018,1756.469971,1766.569946,1738,1745.900024,1648.901245,2968048
18-05-2018,1740.400024,1758.849976,1729,1751.030029,1653.746094,1874996
21-05-2018,1764.349976,1796,1759.030029,1778.380005,1679.57666,3446178
22-05-2018,1779,1787.469971,1746.849976,1754.449951,1656.976074,1857416
23-05-2018,1762.5,1772.5,1740.5,1747.550049,1650.459473,1507298
24-05-2018,1755,1807.5,1751.180054,1801.849976,1701.742676,2962316
25-05-2018,1812.5,1837.400024,1786.280029,1792.900024,1693.289917,3769772
28-05-2018,1808.25,1808.25,1743,1751.030029,1653.746094,3716798
29-05-2018,1764.949951,1772,1744,1761.75,1663.870605,3525312
30-05-2018,1754.530029,1766.5,1741.25,1757.050049,1659.431885,3779106
31-05-2018,1734,1759.050049,1726.099976,1741.050049,1658.003296,5049371
01-06-2018,1754,1757.5,1716.300049,1732.449951,1649.813354,1603856
04-06-2018,1745,1749,1712.599976,1744.25,1661.050537,1681483
05-06-2018,1744,1751.900024,1711.150024,1721.599976,1639.480835,2449568
06-06-2018,1723,1734.900024,1715.199951,1725.75,1643.433105,2236512
07-06-2018,1725,1749,1723.800049,1735.550049,1652.765747,2414762
08-06-2018,1735,1757.300049,1735,1747.099976,1663.764648,2582138
11-06-2018,1747.099976,1763,1743,1749.699951,1666.240723,2179378
12-06-2018,1757,1785,1753,1781,1696.047607,4608875
13-06-2018,1816,1831.650024,1798,1824.099976,1737.091797,5370983
14-06-2018,1830,1832.300049,1784,1787.550049,1702.285156,3819998
15-06-2018,1800,1847.099976,1788.599976,1840.050049,1752.281006,9183574
18-06-2018,1867.949951,1867.949951,1822.150024,1829,1741.758057,4674987
19-06-2018,1822.150024,1839,1821,1824.5,1737.472656,3245034
20-06-2018,1832,1836.300049,1818.599976,1822.449951,1735.52063,3107695
21-06-2018,1832,1832,1817.599976,1819.349976,1732.568237,2910659
22-06-2018,1827,1827,1799.550049,1809.800049,1723.474121,2949458
25-06-2018,1811.900024,1822.349976,1806,1819.25,1732.473267,2083217
26-06-2018,1823,1861,1821,1852,1763.661133,4679712
27-06-2018,1860,1885.150024,1851.25,1858,1769.374878,4081208
28-06-2018,1865,1871,1826.300049,1842.699951,1754.804565,4888125
29-06-2018,1844.900024,1867.400024,1842.300049,1847.75,1759.613892,3506276
02-07-2018,1852,1857.800049,1841.099976,1851.349976,1763.041992,2650290
03-07-2018,1859.949951,1879.900024,1857.050049,1874.050049,1784.659302,3242233
04-07-2018,1879.900024,1879.900024,1857.150024,1866.150024,1777.136108,2700614
05-07-2018,1873,1887.5,1862.099976,1880.300049,1790.611084,2472571
06-07-2018,1882.849976,1921,1881.650024,1912.949951,1821.703613,3713781
09-07-2018,1924,1924.400024,1876.5,1883,1793.182373,6151747
10-07-2018,1898,1898.900024,1870.75,1875.099976,1785.659058,5303302
11-07-2018,1900,1998,1894.150024,1979.900024,1885.460205,22903802
12-07-2018,1984,1990.900024,1960.5,1971.349976,1877.317993,6921701
13-07-2018,1975,1997.900024,1974,1981.099976,1886.603027,4148185
16-07-2018,1990,1996,1977.449951,1989.199951,1894.316772,2582159
17-07-2018,1989,2009,1981,2002.150024,1910.490845,3315492
18-07-2018,2005,2011.699951,1993.050049,2000.25,1908.677856,2013869
19-07-2018,2002.099976,2010.449951,1970,1981.400024,1890.690674,1746318
20-07-2018,1984.900024,2000,1984,1996.599976,1905.194824,1934995
23-07-2018,2001,2009.949951,1986,2005.650024,1913.830444,2086201
24-07-2018,2015,2015,1984.150024,1999,1907.484985,2038423
25-07-2018,2001.900024,2002,1968.400024,1981.5,1890.786133,1535492
26-07-2018,1974.949951,1985,1955.099976,1964.699951,1874.755127,3503036
27-07-2018,1960.849976,1964.650024,1940.300049,1943.75,1854.764404,2033977
30-07-2018,1943,1954.699951,1931.550049,1944.599976,1855.575317,1579251
31-07-2018,1942,1947,1928,1940.199951,1851.376831,2204803
01-08-2018,1949.949951,1981.550049,1949.800049,1976.5,1886.015015,2425180
02-08-2018,1980,1985,1945,1948.400024,1859.201538,1509287
03-08-2018,1956.5,1982.050049,1956.5,1979.449951,1888.829956,1505131
06-08-2018,1997,1998.949951,1972.25,1975.550049,1885.108398,1532249
07-08-2018,1978.199951,1979.150024,1960.5,1967.349976,1877.283813,1353521
08-08-2018,1972,1978.300049,1962,1974,1883.629517,1315062
09-08-2018,1980,1980.800049,1966,1974.349976,1883.963379,2060297
10-08-2018,1980.949951,1996.5,1972.050049,1993.099976,1901.85498,2784105
13-08-2018,1997.800049,2004.25,1990,2000.150024,1908.582031,3559575
14-08-2018,1992,2024.599976,1982.400024,2003.550049,1911.82666,3311765
16-08-2018,2000.300049,2020.050049,1995,2008.5,1916.550171,2152065
17-08-2018,2013.849976,2021.900024,2004,2012.75,1920.605469,1213731
20-08-2018,2024,2024,2003.699951,2009.949951,1917.933594,1587032
21-08-2018,2010.150024,2024,2004,2017.650024,1925.281128,1376866
23-08-2018,2022.800049,2038,2020.300049,2035.099976,1941.932251,3046791
24-08-2018,2035.099976,2046,2031,2043,1949.470703,1570533
27-08-2018,2043,2059,2035,2050.899902,1957.008789,1532702
28-08-2018,2055,2072,2052,2069.199951,1974.471069,1987983
29-08-2018,2072.5,2076.600098,2045.599976,2072,1977.143066,1525867
30-08-2018,2068,2085,2065.5,2082.399902,1987.066528,2408020
31-08-2018,2082.300049,2092,2074,2078.399902,1983.25,2504554
03-09-2018,2084.800049,2090,2048.399902,2052.899902,1958.91748,1439711
04-09-2018,2059.800049,2104.75,2056.949951,2098.899902,2002.811279,4420803
05-09-2018,2100,2107.25,2075.050049,2079.25,1984.061157,1681106
06-09-2018,2075,2081.5,2060.300049,2075.300049,1980.291992,2238097
07-09-2018,2079.300049,2084,2065.399902,2079.850098,1984.633789,1312182
10-09-2018,2084.399902,2093.399902,2074.25,2080.75,1985.49231,1530539
11-09-2018,2089,2089,2042.199951,2046.25,1952.571899,3679745
12-09-2018,2052.350098,2068.899902,2040,2043.949951,1950.376953,2307661
14-09-2018,2044,2071.550049,2018.150024,2065.399902,1970.845215,3642038
17-09-2018,2070,2077.800049,2054.550049,2074.149902,1979.19458,1033857
18-09-2018,2073,2078.800049,2057.600098,2070.75,1975.950317,1456507
19-09-2018,2071.899902,2089,2066.850098,2077.899902,1982.772705,1301268
21-09-2018,2077,2121,2050.149902,2103.149902,2006.866943,4508530
24-09-2018,2115,2210.5,2098.149902,2198.449951,2097.803955,3032226
25-09-2018,2204.899902,2211.899902,2153.800049,2183.199951,2083.252441,2868778
26-09-2018,2187,2199,2135.100098,2142.149902,2044.081543,1970951
27-09-2018,2141.899902,2209.699951,2135.800049,2188.850098,2088.644043,3311802
28-09-2018,2178,2190,2158.850098,2183.699951,2083.729248,2904371
01-10-2018,2190.899902,2275.949951,2190.350098,2255.550049,2152.290039,3772208
03-10-2018,2250.300049,2255,2155.600098,2162.850098,2063.833984,3902322
04-10-2018,2156.600098,2156.649902,2056.350098,2064.800049,1970.272583,4762419
05-10-2018,2050,2120,2020.900024,2102.649902,2006.389648,3417624
08-10-2018,2102.649902,2122.199951,2048.149902,2077.550049,1982.438965,2010154
09-10-2018,2080.350098,2107.649902,2053.199951,2091.800049,1996.036621,1867130
10-10-2018,2100,2105.949951,2029,2043.599976,1950.043213,2749573
11-10-2018,1985,2013,1941,1979.949951,1889.307007,4700256
12-10-2018,1978,1978,1903,1918.300049,1830.479614,9373289
15-10-2018,1940,1955.550049,1920,1949.5,1860.251099,2638151
16-10-2018,1958,1971.900024,1935,1962.300049,1872.46521,2815425
17-10-2018,1970,1989,1920,1929.400024,1841.071167,2779207
19-10-2018,1929,1929,1870.050049,1913.199951,1825.612915,3428776
22-10-2018,1914,1916,1886.949951,1903,1815.880005,1778496
23-10-2018,1888,1898,1837,1843.650024,1762.952637,2752811
24-10-2018,1852.050049,1874,1811.099976,1848.5,1767.590332,2735913
25-10-2018,1844,1876.900024,1825.050049,1853,1771.893311,2507233
26-10-2018,1853.900024,1853.900024,1791.099976,1799.099976,1720.352539,2285970
29-10-2018,1808.699951,1877.949951,1784.349976,1871,1789.105347,2609483
30-10-2018,1867,1909.400024,1845,1894.800049,1811.86377,2404883
31-10-2018,1900,1943.900024,1875.449951,1938.150024,1853.316284,2769190
01-11-2018,1943.650024,1944.349976,1901.300049,1935.75,1851.021362,2769759
02-11-2018,1934.199951,1954.599976,1905,1913.449951,1829.697388,1818635
05-11-2018,1910,1927.349976,1884.75,1890.849976,1808.08667,1713366
06-11-2018,1894,1937.5,1891,1932.699951,1848.104736,1398710
07-11-2018,1940,1949,1937,1942.150024,1857.141235,144530
09-11-2018,1961,1961.949951,1905,1909.199951,1825.633423,2570479
12-11-2018,1908.5,1946.099976,1908.5,1914.849976,1831.036133,2552008
13-11-2018,1915,1939,1903,1934.949951,1850.256348,1418432
14-11-2018,1925,1929.900024,1870,1880.650024,1798.332886,2422318
15-11-2018,1864,1899,1857.599976,1872.849976,1790.874512,1829123
16-11-2018,1889,1899.800049,1870.25,1886.599976,1804.022583,1829729
19-11-2018,1899,1907.349976,1864.300049,1902.449951,1819.178589,1740628
20-11-2018,1902,1902,1874.199951,1878.25,1796.038208,1190182
21-11-2018,1871,1871.050049,1798.550049,1812,1732.687866,3840461
22-11-2018,1820,1847.599976,1809.949951,1812.550049,1733.213867,3194219
26-11-2018,1819,1860,1784.5,1846.099976,1765.295532,4333177
27-11-2018,1854,1897.900024,1835.349976,1890.25,1807.512817,3344839
28-11-2018,1889,1989,1882.5,1983.900024,1897.063843,5313249
29-11-2018,1997,1997,1942.550049,1960.550049,1874.73584,4035441
30-11-2018,1966,1991,1959.849976,1968.25,1882.098755,5268901
03-12-2018,1984,1990,1968.300049,1982.400024,1895.629395,1610576
04-12-2018,1983,2019.400024,1971,2010.849976,1922.834351,3270615
05-12-2018,2006,2018,1985,2006.75,1918.913696,2501539
06-12-2018,1998,2017,1979.599976,1992.699951,1905.478516,2321216
07-12-2018,1985.050049,2003.900024,1973,1995.199951,1907.869141,1680420
10-12-2018,1975,2011,1960,1975.800049,1889.318359,2010786
11-12-2018,1970,2010,1961,2000,1912.459106,2942014
12-12-2018,2001.099976,2022,1984.949951,2016.800049,1928.523804,2219993
13-12-2018,2024,2029.699951,1974.5,1982.599976,1895.820679,3748429
14-12-2018,1983,1998.949951,1975.25,1989.75,1902.657715,2473761
17-12-2018,1999,2004.900024,1985,1994.300049,1907.008545,1227921
18-12-2018,1991.900024,2002,1976.400024,1987.849976,1900.840942,1768742
19-12-2018,1984.800049,1984.800049,1960.050049,1968.449951,1882.290039,2498833
20-12-2018,1953.800049,1974.900024,1946,1954.050049,1868.520508,1940277
21-12-2018,1948,1950,1886.550049,1895.800049,1812.820068,3729956
24-12-2018,1905.800049,1938.900024,1905,1918.5,1834.526489,1864116
26-12-2018,1921.800049,1921.800049,1870.25,1889.199951,1806.508667,2446614
27-12-2018,1909,1941.699951,1872.099976,1908.949951,1825.394165,4968201
28-12-2018,1915,1920,1893,1896.050049,1813.05896,2239130
31-12-2018,1908,1909,1886.150024,1893.050049,1810.19043,1879740
01-01-2019,1896,1910,1885,1902.800049,1819.513672,1094883
02-01-2019,1905,1934.449951,1900,1923.300049,1839.116333,2100463
03-01-2019,1919,1944.949951,1893.099976,1899.949951,1816.78833,2611668
04-01-2019,1900,1901.199951,1841,1876.849976,1794.699463,4280862
07-01-2019,1891.800049,1908.800049,1881,1897.900024,1814.828125,1856423
08-01-2019,1905.400024,1906.400024,1883.300049,1893.550049,1810.668457,1691756
09-01-2019,1907.400024,1919,1866.699951,1886.949951,1804.357422,2414376
10-01-2019,1890,1905,1872.099976,1888.550049,1805.887695,3053461
11-01-2019,1870,1875,1835,1842.550049,1761.901001,9209862
14-01-2019,1850,1851,1810,1813.25,1733.883179,3615370
15-01-2019,1810,1869.349976,1808,1867.800049,1786.045532,7711653
16-01-2019,1870,1875,1847,1870.150024,1788.292603,2359280
17-01-2019,1878,1898,1871.300049,1894.300049,1815.268311,2625816
18-01-2019,1881,1904.199951,1876,1900.650024,1821.353394,1683728
21-01-2019,1902,1932,1895.449951,1908.699951,1829.067261,2409803
22-01-2019,1907.099976,1918.25,1890,1901.900024,1822.551147,2457093
23-01-2019,1901,1906.099976,1870,1875.599976,1797.348389,2578169
24-01-2019,1884.800049,1905.25,1875,1901.550049,1822.215698,1962927
25-01-2019,1902,1935,1901,1920.800049,1840.662598,2327080
28-01-2019,1933,1962,1925.5,1955,1873.435913,2769033
29-01-2019,1962,1989.050049,1936.650024,1982.75,1900.027954,2557626
30-01-2019,1979.599976,1989.5,1954.650024,1981.400024,1898.734253,2429575
31-01-2019,1987,2019.75,1985,2014.099976,1930.069946,4094319
01-02-2019,2009.5,2034.75,1998.099976,2029.949951,1945.258789,3064163
04-02-2019,2029.949951,2055.449951,2023,2050.25,1964.711914,1590764
05-02-2019,2050,2055,2028,2044.550049,1959.249756,1111404
06-02-2019,2049.899902,2086.850098,2041.050049,2074.800049,1988.237793,1789812
07-02-2019,2074.75,2097.949951,2067,2082.899902,1995.99939,1339945
08-02-2019,2075,2089.5,2051,2061.399902,1975.396484,1684474
11-02-2019,2060,2096,2048.899902,2065.899902,1979.70874,1778730
12-02-2019,2070,2070,2018,2051.600098,1966.005615,2422903
14-02-2019,2060.050049,2075,2033.050049,2044.599976,1959.297607,1724085
15-02-2019,2049,2052,2010.949951,2029.699951,1945.019043,1930065
18-02-2019,2037.599976,2041.949951,1962.650024,1970.300049,1888.097534,2942184
19-02-2019,1970,1971,1892,1904.800049,1825.330322,4408554
20-02-2019,1915,1933.800049,1881.300049,1914.75,1834.865112,4645778
21-02-2019,1914.75,1940,1897.050049,1914.199951,1834.337891,4683919
22-02-2019,1917.199951,1930,1905.099976,1925.650024,1845.310181,2271955
25-02-2019,1932.5,1990,1930.5,1985.150024,1902.328003,2934880
26-02-2019,1984,2045.150024,1972.25,2038.699951,1953.643555,6453309
27-02-2019,2040,2074.949951,2022,2058.100098,1972.234375,4732082
28-02-2019,2060,2071.350098,1977.599976,1983.449951,1900.69873,8454295
01-03-2019,1995.050049,2005,1980.349976,1995.400024,1912.150146,4148548
05-03-2019,2005,2007,1976.599976,1988.099976,1905.154663,2449622
06-03-2019,1989.300049,2015,1985.050049,1999.599976,1916.174927,2635047
07-03-2019,2005,2024.050049,2000.199951,2013.300049,1929.303589,2539884
08-03-2019,2025,2033,2010.050049,2022.699951,1938.311279,2031071
11-03-2019,2028.900024,2033,2003.650024,2014.800049,1930.740967,3111689
12-03-2019,2014.050049,2024.800049,2003,2012.449951,1928.488892,2658550
13-03-2019,2013,2015.900024,1978.599976,2000.5,1917.037476,1833163
14-03-2019,2004.949951,2007.800049,1981,1987.400024,1904.484009,1905495
15-03-2019,1998.900024,2068.949951,1991,2039.949951,1954.841553,5184318
18-03-2019,2043,2064.600098,2011,2022.800049,1938.406982,2349915
19-03-2019,2030,2030,1995.099976,2022.800049,1938.406982,2373993
20-03-2019,2028,2044.800049,2000,2015.050049,1930.980469,3091165
22-03-2019,2015,2016,1983.300049,2005.650024,1921.972656,3148149
25-03-2019,2007.800049,2007.800049,1977.199951,1984.25,1901.465332,2429205
26-03-2019,1984,1994.949951,1958.050049,1982.650024,1899.932129,2316539
27-03-2019,1994,1998,1961,1967.900024,1885.797607,2266166
28-03-2019,1980,2014.599976,1972.800049,2000.300049,1916.845947,4054489
01-04-2019,2010,2039.949951,2008.25,2031.650024,1946.887817,2095740
02-04-2019,2037.099976,2086,2037,2079.300049,1992.549805,3719663
03-04-2019,2085,2089.600098,2058.100098,2079.300049,1992.549805,2939886
04-04-2019,2078.149902,2079.699951,2007.400024,2014.5,1930.453369,4397518
05-04-2019,2028.650024,2054.399902,2018.800049,2048.300049,1962.843262,3152103
08-04-2019,2059,2075,2032.699951,2070.75,1984.356445,2194294
09-04-2019,2070,2098,2057.649902,2091.5,2004.240967,2690970
10-04-2019,2083,2085.5,2036,2040.25,1955.12915,3313062
11-04-2019,2045,2055,2013.650024,2019.5,1935.244629,3422442
12-04-2019,2038,2039,2007,2014.5,1930.453369,3198471
15-04-2019,2070,2119.800049,2041,2113.300049,2025.131348,9189201
16-04-2019,2120,2155.949951,2115.550049,2131.800049,2042.859619,5771952
18-04-2019,2149.899902,2155,2114.199951,2150.050049,2060.3479,3413728
22-04-2019,2148,2176,2145.600098,2161.449951,2071.272217,2007135
23-04-2019,2163,2165.5,2134.050049,2155.050049,2065.139648,2163524
24-04-2019,2158,2195,2156.100098,2183.449951,2092.354492,3003071
25-04-2019,2175,2205,2168.050049,2195,2103.422363,4211526
26-04-2019,2203,2243.949951,2193.149902,2238.550049,2145.155762,2716958
30-04-2019,2238.550049,2266.949951,2230.100098,2260.350098,2166.046387,3488395
02-05-2019,2255,2259.399902,2211.100098,2215.399902,2122.971436,2457699
03-05-2019,2185,2186.050049,2125,2132,2043.051147,3780886
06-05-2019,2110,2165,2108.5,2157.850098,2067.822754,2891422
07-05-2019,2160.050049,2184.350098,2138.800049,2151.949951,2062.168701,2201698
08-05-2019,2151,2168,2130.399902,2152.850098,2063.031494,1824895
09-05-2019,2145,2184.100098,2136.100098,2172.550049,2081.909424,2264162
10-05-2019,2175,2192,2125.850098,2135.800049,2046.692627,2039633
13-05-2019,2133,2167,2121.649902,2128.75,2039.936768,1701744
14-05-2019,2135,2159.800049,2072.350098,2092.350098,2005.05542,2456110
15-05-2019,2097,2124,2084.5,2095.399902,2007.977905,2346876
16-05-2019,2096,2124,2077.050049,2108.75,2020.770996,1946529
17-05-2019,2112.600098,2135,2090,2095.449951,2008.026123,1947908
20-05-2019,2125,2151.399902,2050,2143.949951,2054.502441,2625116
21-05-2019,2148.050049,2148.699951,2102.550049,2109.75,2021.729492,1863157
22-05-2019,2110,2121.949951,2075,2081.75,1994.897339,2595795
23-05-2019,2098,2115.350098,2050,2054.050049,1968.353271,2541294
24-05-2019,2070,2070,2032.25,2048,1962.555786,2274208
27-05-2019,2054.800049,2068.949951,2040.099976,2055.149902,1969.407227,2329820
28-05-2019,2060,2097.5,2045,2073.75,1987.231323,5872979
29-05-2019,2080,2123.699951,2077.100098,2107.550049,2019.621582,3281320
30-05-2019,2123,2156.550049,2114.399902,2146.300049,2056.754639,4971725
31-05-2019,2160,2204.949951,2152.25,2196.550049,2104.908203,4265370
03-06-2019,2201,2247.649902,2185.649902,2242.300049,2148.749268,3682419
04-06-2019,2224,2224,2175,2183.100098,2108.94873,2408658
06-06-2019,2199,2199,2152,2166.100098,2092.526123,3735467
07-06-2019,2174,2189.800049,2142.100098,2181.75,2107.644775,2659446
10-06-2019,2196.699951,2235.850098,2185.5,2231.5,2155.704834,2080593
11-06-2019,2237,2263.949951,2231,2252.800049,2176.281494,3048937
12-06-2019,2245,2266.899902,2219,2260.899902,2184.106201,2404448
13-06-2019,2264,2285,2243.050049,2254.100098,2177.537354,3320916
14-06-2019,2257.25,2263.100098,2234,2254.5,2177.923584,2131408
17-06-2019,2256,2262,2241.449951,2249.199951,2172.803467,1489497
18-06-2019,2244,2260,2231.199951,2250.850098,2174.397949,1877447
19-06-2019,2255,2276,2243.149902,2259.899902,2183.140137,1652817
20-06-2019,2230,2284,2212,2277.949951,2200.577148,2199377
21-06-2019,2285,2292.5,2242,2249.850098,2173.431885,3871804
24-06-2019,2254.149902,2280,2250.800049,2275.5,2198.210449,1382424
25-06-2019,2270,2274.449951,2250.5,2267.800049,2190.772217,1386077
26-06-2019,2265,2266.800049,2250,2254.199951,2177.633789,1762224
27-06-2019,2255,2264,2241.300049,2252.550049,2176.040283,2813464
28-06-2019,2260,2261.949951,2222.5,2227.199951,2151.550781,2372928
01-07-2019,2235,2255,2206.600098,2239.550049,2163.481201,2769940
02-07-2019,2244.899902,2257,2216.449951,2252.100098,2175.605225,1771746
03-07-2019,2252.199951,2258.800049,2232,2237.649902,2161.645752,1656881
04-07-2019,2234,2252,2230.100098,2242.649902,2166.476074,984140
05-07-2019,2247,2250,2140,2163.100098,2089.628418,4088470
08-07-2019,2149,2188.800049,2132.100098,2175.399902,2101.510498,2788062
09-07-2019,2174,2174.399902,2104.550049,2133.350098,2060.888672,3977224
10-07-2019,2080,2127.850098,2071.300049,2108.199951,2036.592651,6343581
11-07-2019,2128,2129,2086.050049,2102.550049,2031.134888,2400346
12-07-2019,2102.100098,2119.75,2093.100098,2107.600098,2036.013184,1560725
15-07-2019,2125,2153.600098,2098,2145.699951,2072.818848,2900415
16-07-2019,2126,2132.5,2100,2106,2039.219482,2735399
17-07-2019,2108,2125,2092.100098,2117.25,2050.113037,1802969
18-07-2019,2116.199951,2116.199951,2060,2065.949951,2000.439575,3072096
19-07-2019,2077,2097,2062.5,2076.949951,2011.090576,1953177
22-07-2019,2077,2117.449951,2068.800049,2109.899902,2042.995728,1920167
23-07-2019,2127.899902,2130,2102.399902,2112.449951,2045.464844,3538588
24-07-2019,2110,2120.800049,2076.5,2096.800049,2030.311157,2413196
25-07-2019,2108.899902,2135,2092.550049,2127.899902,2060.424805,2544464
26-07-2019,2129.800049,2129.800049,2095,2109.050049,2042.172852,1720592
29-07-2019,2110.800049,2142,2103.300049,2130,2062.458252,1647090
30-07-2019,2130,2185,2120.449951,2179.149902,2110.049805,2851672
31-07-2019,2171.75,2211.699951,2147.149902,2205.699951,2135.758057,3000677
01-08-2019,2200,2217.5,2166.25,2180.050049,2110.921631,2375236
02-08-2019,2173,2210,2165.5,2205.300049,2135.371094,2500816
05-08-2019,2199.899902,2252.25,2195.600098,2248.600098,2177.297852,3039682
06-08-2019,2232.800049,2251.949951,2211.449951,2214.899902,2144.666016,2885467
07-08-2019,2230,2238.5,2207.25,2213.449951,2143.262207,2165362
08-08-2019,2228.899902,2281,2218.899902,2258.100098,2186.496582,2073298
09-08-2019,2260,2267.899902,2241.350098,2246.25,2175.022461,1744550
13-08-2019,2245,2246.25,2194.300049,2199.449951,2129.705811,1647281
14-08-2019,2181.100098,2217.850098,2167.399902,2204.399902,2134.499023,1945002
16-08-2019,2241.399902,2241.399902,2143.25,2165.100098,2096.445557,3755507
19-08-2019,2180,2186,2157.699951,2163,2094.411865,974884
20-08-2019,2172,2205,2166.5,2186.75,2117.408936,1843611
21-08-2019,2184.949951,2202,2182.25,2186.199951,2116.876221,1214408
22-08-2019,2187,2235.649902,2170,2216,2145.731201,2131601
23-08-2019,2214.949951,2259.899902,2213.899902,2247.699951,2176.426025,2826425
26-08-2019,2247,2282,2225,2276.300049,2204.119385,2345475
27-08-2019,2270,2274.850098,2229,2236.5,2165.581543,3432106
28-08-2019,2240,2252.149902,2216,2239.25,2168.244141,1294621
29-08-2019,2222.199951,2248.199951,2222.199951,2233.449951,2162.62793,1670652
30-08-2019,2241,2266,2218,2259.600098,2187.948975,2583625
03-09-2019,2270,2296.199951,2236.949951,2251.600098,2180.202637,2545060
04-09-2019,2265,2270,2233,2245.399902,2174.198975,2228092
05-09-2019,2242.199951,2253.649902,2207.300049,2215.300049,2145.053711,2055943
06-09-2019,2216,2233.5,2192.600098,2197.5,2127.817871,1890550
09-09-2019,2200,2202.850098,2179.800049,2182.850098,2113.632813,1703945
11-09-2019,2186,2195,2146.550049,2154,2085.69751,2627440
12-09-2019,2155,2165,2120.350098,2133.600098,2065.944336,2118859
13-09-2019,2135,2157.949951,2115.550049,2141.949951,2074.029785,2291174
16-09-2019,2159.949951,2173.399902,2126.399902,2150,2081.824463,2597948
17-09-2019,2154.949951,2156.550049,2105.600098,2122.649902,2055.341553,2796530
18-09-2019,2126.399902,2142.949951,2113.149902,2138.550049,2070.737305,1454663
19-09-2019,2135,2135.800049,2091,2101.949951,2035.297729,1652691
20-09-2019,2104.899902,2129.399902,2057,2065.449951,1999.955444,6941979
23-09-2019,2099,2099,1975,2015.800049,1951.879639,6323401
24-09-2019,2015,2061,2013,2044.699951,1979.863159,4620978
25-09-2019,2065,2092,2060.050049,2088.449951,2022.22583,4002232
26-09-2019,2097.899902,2107,2063,2087.600098,2021.402832,4234281
27-09-2019,2085,2085.199951,2051.399902,2056.149902,1990.950073,2046795
30-09-2019,2061.850098,2104,2060,2099.300049,2032.731934,2620039
01-10-2019,2095.949951,2095.949951,2039.699951,2059.949951,1994.629639,3342877
03-10-2019,2070,2081.149902,2046.150024,2060.25,1994.920166,2317618
04-10-2019,2060.600098,2087.949951,2054.949951,2079.350098,2013.414917,2163251
07-10-2019,2080,2094.5,2041,2047.699951,1982.768188,2177916
09-10-2019,2060,2060,2015.5,2020.099976,1956.043335,2066920
10-10-2019,2028,2039.050049,1997.099976,2004.449951,1940.889526,2881452
11-10-2019,1931,1995,1925,1986.849976,1923.847656,12593069
14-10-2019,1995,2032.75,1968,2021,1956.914673,3510704
15-10-2019,2032,2047,2022.699951,2037.300049,1972.697998,2261310
16-10-2019,2038,2056,2016,2046.400024,1981.509399,3034082
17-10-2019,2014,2038,1999.300049,2030.949951,2005.754761,3818774
18-10-2019,2037.5,2063.899902,2025,2057.350098,2031.827393,3087901
22-10-2019,2080,2111.5,2040.050049,2051.399902,2025.95105,5552505
23-10-2019,2060,2083.850098,2052.5,2070.100098,2044.419067,2348134
24-10-2019,2084,2099,2061.300049,2082,2056.171387,2798671
25-10-2019,2094,2130,2075.050049,2124.949951,2098.588623,3954245
27-10-2019,null,null,null,null,null,null
29-10-2019,2121.5,2201.699951,2121.5,2194.850098,2167.621582,5064173
30-10-2019,2225,2260,2176.850098,2252.800049,2224.852539,5195136
31-10-2019,2250,2284.949951,2237,2269.649902,2241.493652,4879261
01-11-2019,2264,2275,2195,2200.899902,2173.596191,4172620
04-11-2019,2207,2229.199951,2180.899902,2193.949951,2166.732666,2646411
05-11-2019,2197,2211,2169,2201.850098,2174.534668,2693475
06-11-2019,2200,2210.800049,2179,2188.5,2161.350342,2540719
07-11-2019,2204.5,2204.5,2175.199951,2185.350098,2158.239258,1915598
08-11-2019,2189.600098,2189.600098,2124,2129.949951,2103.526611,2788759
11-11-2019,2135,2139,2091,2100.949951,2074.88623,2983768
13-11-2019,2118,2183.800049,2118,2178.600098,2151.573242,3823365
14-11-2019,2187.5,2200,2146.699951,2196.800049,2169.547363,2995915
15-11-2019,2196,2211.5,2168.75,2174.449951,2147.474365,2724180
18-11-2019,2178.399902,2187.75,2148.75,2152.600098,2125.895752,1611089
19-11-2019,2153,2154.649902,2105,2108.800049,2082.63916,2975313
20-11-2019,2121.949951,2135,2094.5,2108.550049,2082.39209,2894129
21-11-2019,2112,2126.600098,2107.399902,2118.100098,2091.82373,2052574
22-11-2019,2097,2107,2060.5,2071.699951,2045.999268,3742049
25-11-2019,2074.550049,2084.949951,2052.199951,2081.5,2055.677734,2737010
26-11-2019,2089.850098,2097.899902,2035.050049,2046.650024,2021.26001,6561580
27-11-2019,2052,2071.699951,2046.550049,2054.300049,2028.815186,2907521
28-11-2019,2067.050049,2094.399902,2060,2077.350098,2051.579346,2924429
29-11-2019,2085,2085,2045.800049,2053.25,2027.778198,2064271
02-12-2019,2060,2067.699951,2016,2021.050049,1995.977539,3809860
03-12-2019,2027.699951,2062,2010,2051,2025.55603,4664774
04-12-2019,2053,2082,2045.5,2078.5,2052.714844,3334301
05-12-2019,2083,2126.800049,2068.350098,2121.300049,2094.983887,3902721
06-12-2019,2124,2128,2101,2123.600098,2097.255371,1829461
09-12-2019,2127.949951,2127.949951,2053.5,2060.449951,2034.888794,2244747
10-12-2019,2060,2060.850098,2003.25,2012.849976,1987.879272,4520045
11-12-2019,2025.400024,2048,2006.75,2041.900024,2016.568848,4943024
12-12-2019,2051.100098,2083.649902,1984,2020.900024,1995.829468,7137306
13-12-2019,2023,2077.399902,2007,2071.25,2045.554688,5711133
16-12-2019,2096,2136,2080.300049,2126.75,2100.366211,5574177
17-12-2019,2126.5,2169,2119,2164.949951,2138.092285,6059673
18-12-2019,2174,2203.449951,2153,2167.75,2140.857666,8251081
19-12-2019,2179.800049,2236.5,2167.550049,2229.050049,2201.397461,6251505
20-12-2019,2220,2246.699951,2208.25,2222.899902,2195.323486,5548338
23-12-2019,2210,2241.949951,2210,2231.699951,2204.01416,2247329
24-12-2019,2239,2243.550049,2211.149902,2215.600098,2188.114258,1805896
26-12-2019,2216.399902,2229,2195.199951,2201.949951,2174.633545,1880367
27-12-2019,2208,2226.399902,2176,2198.5,2171.226318,2720261
30-12-2019,2207,2225,2177.100098,2183.199951,2156.115967,2288830
31-12-2019,2189,2197,2157.449951,2161.699951,2134.882568,1909289
01-01-2020,2168,2183.899902,2154,2167.600098,2140.709717,1354908
02-01-2020,2179.949951,2179.949951,2149.199951,2157.649902,2130.882813,2380752
03-01-2020,2164,2223,2164,2200.649902,2173.349365,4655761
06-01-2020,2205,2225.949951,2187.899902,2200.449951,2173.151855,3023209
07-01-2020,2200.5,2214.649902,2183.800049,2205.850098,2178.485107,2429317
08-01-2020,2205,2260,2202.050049,2255.25,2227.272217,5197454
09-01-2020,2248.75,2251.949951,2210,2214.350098,2186.879883,3734173
10-01-2020,2228,2234,2208,2213.550049,2186.0896,1915807
13-01-2020,2217.850098,2218.949951,2184.699951,2190.350098,2163.17749,2843893
14-01-2020,2195,2229.800049,2195,2206.899902,2179.521973,2948452
15-01-2020,2213,2231,2194.199951,2226.899902,2199.273682,2620681
16-01-2020,2226.949951,2249,2215,2238.800049,2211.026123,3117214
17-01-2020,2240.75,2253.550049,2213,2219.100098,2191.570801,3281059
20-01-2020,2194.899902,2242.199951,2156.199951,2170.350098,2143.425537,5817599
21-01-2020,2169.949951,2186.550049,2158.050049,2171.050049,2144.116699,1902980
22-01-2020,2181,2210,2173.699951,2206.899902,2179.521973,1773686
23-01-2020,2209.800049,2217.75,2183.699951,2190.949951,2168.68335,2069866
24-01-2020,2190.949951,2190.949951,2170,2183.399902,2161.209961,1319430
27-01-2020,2189.699951,2193.449951,2165,2169.25,2147.203857,1549101
28-01-2020,2174,2187.800049,2152,2183.75,2161.556396,1743024
29-01-2020,2185,2186.949951,2150,2154.600098,2132.702881,2306761
30-01-2020,2160,2165,2125,2137.850098,2116.123291,2098567
31-01-2020,2139.399902,2144.350098,2071.600098,2079.050049,2057.920654,3287223
03-02-2020,2152,2194.699951,2093.199951,2102.5,2081.132324,4728073
04-02-2020,2129,2136.699951,2086.600098,2107.75,2086.328857,3509339
05-02-2020,2115,2156.699951,2104.300049,2146.550049,2124.734619,2439322
06-02-2020,2145,2174.199951,2115.5,2128.350098,2106.719727,2640065
07-02-2020,2139,2151,2119,2136.550049,2114.836182,2083442
10-02-2020,2140.899902,2167,2119,2161.949951,2139.978027,2383032
11-02-2020,2163,2174.800049,2147.600098,2153.399902,2131.514893,1335820
12-02-2020,2151.100098,2185,2150,2170.75,2148.688477,1620407
13-02-2020,2172.949951,2197,2171,2191.949951,2169.673096,1645948
14-02-2020,2188,2212,2171,2184.199951,2162.001953,1500115
17-02-2020,2196.949951,2217,2190.199951,2203.25,2180.858398,1774724
18-02-2020,2199.949951,2221,2186.050049,2215.75,2193.231201,2486223
19-02-2020,2215.75,2230,2190.5,2196.350098,2174.028564,1760463
20-02-2020,2204.5,2214.399902,2151.25,2156.800049,2134.880615,2317278
24-02-2020,2156,2178.949951,2106.699951,2115.350098,2093.851807,3092877
25-02-2020,2115.5,2176.649902,2111,2156.149902,2134.236816,2674567
26-02-2020,2154,2163.899902,2112.949951,2123.600098,2102.017822,2686842
27-02-2020,2119.949951,2119.949951,2086.199951,2105.5,2084.101807,2349001
28-02-2020,2068,2069.5,1990,2000.150024,1979.822388,4298076
02-03-2020,2035,2053.949951,1985.699951,2001.300049,1980.960815,2667076
03-03-2020,2020,2060,2012,2036.199951,2015.505981,2757585
04-03-2020,2056,2094.449951,2025,2083.199951,2062.02832,3237002
05-03-2020,2085.699951,2147.75,2084.050049,2125.050049,2103.453125,3937056
06-03-2020,2098,2123.649902,2071.600098,2116.449951,2094.94043,2595027
09-03-2020,2075,2079.899902,1935,1972.349976,1952.304932,4940975
11-03-2020,1933,1987.300049,1920,1953.699951,1933.84436,6796449
12-03-2020,1904,1908.400024,1758.349976,1769.849976,1751.863037,8728786
13-03-2020,1687.900024,1820,1506.050049,1806.300049,1787.942627,8029720
16-03-2020,1755,1842.25,1675.849976,1696.400024,1679.159424,7844271
17-03-2020,1730,1731,1623.150024,1658,1641.14978,5713248
18-03-2020,1676.800049,1713.550049,1627.75,1654.400024,1637.586304,7258778
19-03-2020,1559.699951,1685.449951,1546.75,1636.349976,1631.554077,5135111
20-03-2020,1630,1869,1627,1797.449951,1792.181885,8547498
23-03-2020,1620,1750,1617.75,1669.699951,1664.806274,7003490
24-03-2020,1653.050049,1770,1632.849976,1703.150024,1698.158325,6350865
25-03-2020,1700,1810,1680,1750.300049,1745.170166,2765520
26-03-2020,1831.599976,1832.050049,1722.550049,1790.949951,1785.700928,4556067
27-03-2020,1820,1850,1750.400024,1824.5,1819.152588,4331250
30-03-2020,1766,1905,1763.550049,1778.5,1773.287476,8513547
31-03-2020,1837.400024,1855,1780,1826.099976,1820.747925,3927593
01-04-2020,1825.900024,1834.75,1702,1708.75,1703.741821,4941878
03-04-2020,1740,1740,1650,1654.199951,1649.351685,5735369
07-04-2020,1710,1785.849976,1705,1775.199951,1769.99707,5427577
08-04-2020,1760,1806,1701,1705.449951,1700.451538,6285615
09-04-2020,1750.449951,1778.800049,1731.199951,1766.150024,1760.973633,5307397
13-04-2020,1761,1787,1746,1759.25,1754.093872,2990438
15-04-2020,1785,1812,1727.800049,1735.150024,1730.064453,4761399
16-04-2020,1709.949951,1764.900024,1675.050049,1716.050049,1711.020508,6245533
17-04-2020,1800,1851.949951,1753,1806.199951,1800.90625,9895823
20-04-2020,1830,1830,1802.5,1818.650024,1813.319824,3244282
21-04-2020,1765,1794.599976,1727.699951,1737.650024,1732.557129,5122541
22-04-2020,1737.650024,1790,1719.150024,1769.5,1764.313843,3829836
23-04-2020,1780,1900,1760.849976,1878.25,1872.745117,5934366
24-04-2020,1840.699951,1851.949951,1807.800049,1818.550049,1813.220093,2987102
27-04-2020,1832.300049,1875,1825,1836.599976,1831.217163,3374741
28-04-2020,1865,1868,1832.599976,1859.050049,1853.60144,2678505
29-04-2020,1874,1912.550049,1850.050049,1905.650024,1900.064819,4241510
30-04-2020,1980,2032,1942.199951,2014.449951,2008.545898,5915544
04-05-2020,1966,1966,1913.650024,1930.449951,1924.791992,3729348
05-05-2020,1955.099976,1977,1927,1932.75,1927.085327,2905528
06-05-2020,1939.800049,1953.699951,1893.599976,1903.599976,1898.020752,3517431
07-05-2020,1910,1934.449951,1883.349976,1891.650024,1886.105835,3166754
08-05-2020,1939.099976,1939.5,1886.25,1893.400024,1887.850708,2686530
11-05-2020,1909,1951.400024,1909,1935.300049,1929.62793,2449841
12-05-2020,1933.400024,1956.5,1910.25,1949.5,1943.786255,3256595
13-05-2020,1994,1994,1925.650024,1949.650024,1943.935791,2656665
14-05-2020,1910,1923.099976,1891.099976,1902.349976,1896.774414,2263146
15-05-2020,1916,1917.400024,1865.199951,1892.900024,1887.352173,3173682
18-05-2020,1907,1952.949951,1872.099976,1945.599976,1939.897705,3727694
19-05-2020,1903,1966.449951,1903,1948.650024,1942.938721,3198693
20-05-2020,1950,1962.900024,1931.699951,1953.599976,1947.874268,2778505
21-05-2020,1946,1998,1941.150024,1991.199951,1985.364014,3400908
22-05-2020,1977.099976,2032,1961.25,2020.349976,2014.428589,3663418
26-05-2020,2015,2024,1925,1943,1937.305298,4575317
27-05-2020,1959,2010,1941.25,2005.300049,1999.422729,3482160
28-05-2020,1988.5,2014,1971.300049,2004.300049,1998.425659,3475681
29-05-2020,1982,2002.650024,1962.400024,1972.349976,1966.569214,7237735
01-06-2020,1990,2060,1981.099976,2045.25,2039.255615,3747773
02-06-2020,2060.199951,2081,2040.050049,2047.150024,2041.150024,2443886
03-06-2020,2051.850098,2063.75,2020,2046.150024,2046.150024,3699799
04-06-2020,2046.75,2100,2046.75,2091.550049,2091.550049,4048593
05-06-2020,2091.600098,2098,2040.300049,2048.25,2048.25,3573289
08-06-2020,2078.25,2095,2062.100098,2071.75,2071.75,2957841
09-06-2020,2063.100098,2095.5,2060.25,2072.050049,2072.050049,2909439
10-06-2020,2077.050049,2132,2073.5,2108.75,2108.75,5168397
11-06-2020,2100,2105,2061.800049,2067.649902,2067.649902,2269513
12-06-2020,2011.199951,2049.199951,2011,2039.5,2039.5,2842642
15-06-2020,2039.099976,2059,2000.949951,2029.900024,2029.900024,2399022
16-06-2020,2065,2073.949951,2031,2045.800049,2045.800049,2146528
17-06-2020,2046,2058.850098,2026.550049,2047.800049,2047.800049,2703527
18-06-2020,2045,2059.199951,2025.199951,2038.099976,2038.099976,1944389
19-06-2020,2042,2090,2032,2044.599976,2044.599976,5681758
22-06-2020,2050,2052.25,2019.150024,2027.949951,2027.949951,3196138
23-06-2020,2027,2044,2010,2035.300049,2035.300049,4205944
